{"type": "FeatureCollection", "features": [{"type": "Feature", "properties": {"asset_id": "189296.0", "gi_id": "PP2109", "row_onsite": "ROW", "project_na": "DDC OH15 Phase 4", "asset_type": "ROW Porous Concrete", "status": "90% Design Submitted", "asset_x_co": "987322.24", "asset_y_co": "162903.41", "borough": "Brooklyn", "sewer_type": "Combined", "outfall": "OH-015", "nyc_waters": "East River / Open Waters", "bbl": "3055680038.0", "secondary_": null, "community_": "311.0", "city_counc": "43.0", "assembly_d": "49.0", "asset_leng": "495.0", "asset_widt": "2.0", "asset_area": "990.0", "gi_feature": null, "tree_latin": null, "tree_commo": null, "constructi": "GKOH15-04", "construc_1": "1", "program_ar": "Right of Way (ROW)", "status_gro": "Final Design", "constructe": null}, "geometry": {"type": "Point", "coordinates": [-73.98893442032907, 40.61380806646355]}}, {"type": "Feature", "properties": {"asset_id": "189362.0", "gi_id": "PP5082", "row_onsite": "ROW", "project_na": "DDC OH15 Phase 4", "asset_type": "ROW Porous Concrete", "status": "90% Design Submitted", "asset_x_co": "983309.986", "asset_y_co": "163008.9494", "borough": "Brooklyn", "sewer_type": "Combined", "outfall": "OH-015", "nyc_waters": "East River / Open Waters", "bbl": "3062700019.0", "secondary_": null, "community_": "311.0", "city_counc": "38.0", "assembly_d": "49.0", "asset_leng": "670.0", "asset_widt": "4.0", "asset_area": "2680.0", "gi_feature": null, "tree_latin": null, "tree_commo": null, "constructi": "GKOH15-04", "construc_1": "1", "program_ar": "Right of Way (ROW)", "status_gro": "Final Design", "constructe": null}, "geometry": {"type": "Point", "coordinates": [-74.00338575241007, 40.614098232423956]}}, {"type": "Feature", "properties": {"asset_id": "189363.0", "gi_id": "PP5096", "row_onsite": "ROW", "project_na": "DDC OH15 Phase 4", "asset_type": "ROW Porous Concrete", "status": "90% Design Submitted", "asset_x_co": "983317.8857", "asset_y_co": "162964.4473", "borough": "Brooklyn", "sewer_type": "Combined", "outfall": "OH-015", "nyc_waters": "East River / Open Waters", "bbl": "3062700042.0", "secondary_": null, "community_": "311.0", "city_counc": "38.0", "assembly_d": "49.0", "asset_leng": "170.0", "asset_widt": "2.0", "asset_area": "340.0", "gi_feature": null, "tree_latin": null, "tree_commo": null, "constructi": "GKOH15-04", "construc_1": "1", "program_ar": "Right of Way (ROW)", "status_gro": "Final Design", "constructe": null}, "geometry": {"type": "Point", "coordinates": [-74.00335729343426, 40.61397608478817]}}, {"type": "Feature", "properties": {"asset_id": "188803.0", "gi_id": "PP8116.1", "row_onsite": "ROW", "project_na": "DDC OH15 Phase 4", "asset_type": "ROW Porous Concrete", "status": "90% Design Submitted", "asset_x_co": "983445.1588", "asset_y_co": "158731.2223", "borough": "Brooklyn", "sewer_type": "Combined", "outfall": "OH-015", "nyc_waters": "East River / Open Waters", "bbl": "3064060037.0", "secondary_": null, "community_": "311.0", "city_counc": "38.0", "assembly_d": "47.0", "asset_leng": "445.0", "asset_widt": "4.0", "asset_area": "1780.0", "gi_feature": null, "tree_latin": null, "tree_commo": null, "constructi": "GKOH15-04", "construc_1": "1", "program_ar": "Right of Way (ROW)", "status_gro": "Final Design", "constructe": null}, "geometry": {"type": "Point", "coordinates": [-74.0028983763357, 40.60235676148139]}}, {"type": "Feature", "properties": {"asset_id": "188808.0", "gi_id": "PP8128", "row_onsite": "ROW", "project_na": "DDC OH15 Phase 4", "asset_type": "ROW Porous Concrete", "status": "90% Design Submitted", "asset_x_co": "983870.8081", "asset_y_co": "158426.7312", "borough": "Brooklyn", "sewer_type": "Combined", "outfall": "OH-015", "nyc_waters": "East River / Open Waters", "bbl": "3064090015.0", "secondary_": null, "community_": "311.0", "city_counc": "43.0", "assembly_d": "47.0", "asset_leng": "443.0", "asset_widt": "4.0", "asset_area": "1772.0", "gi_feature": null, "tree_latin": null, "tree_commo": null, "constructi": "GKOH15-04", "construc_1": "1", "program_ar": "Right of Way (ROW)", "status_gro": "Final Design", "constructe": null}, "geometry": {"type": "Point", "coordinates": [-74.00136552008875, 40.60152102345973]}}, {"type": "Feature", "properties": {"asset_id": "104920.0", "gi_id": "66A", "row_onsite": "ROW", "project_na": "OGI Design Area 1 (OH-007)", "asset_type": "ROWB", "status": "Constructed (Full Maintenance)", "asset_x_co": "991193.5359", "asset_y_co": "183648.4595", "borough": "Brooklyn", "sewer_type": "Combined", "outfall": "OH-007", "nyc_waters": "Gowanus Canal", "bbl": "3010750003.0", "secondary_": "3010750001", "community_": "306.0", "city_counc": "39.0", "assembly_d": "52.0", "asset_leng": "10.0", "asset_widt": "5.0", "asset_area": "50.0", "gi_feature": "Type A - Stone Columns", "tree_latin": "No Tree", "tree_commo": "N/A", "constructi": "GKRH34-02-GKOH07-02", "construc_1": "Stage-1", "program_ar": "Right of Way (ROW)", "status_gro": "Constructed", "constructe": "2016/09/15 00:00:00.000"}, "geometry": {"type": "Point", "coordinates": [-73.97496945362245, 40.67074657967585]}}, {"type": "Feature", "properties": {"asset_id": "160061.0", "gi_id": "9B", "row_onsite": "ROW", "project_na": "Gravesend", "asset_type": "ROWB", "status": "Constructed (Full Maintenance)", "asset_x_co": "990845.2132", "asset_y_co": "160985.7179", "borough": "Brooklyn", "sewer_type": "Combined", "outfall": "OH-021", "nyc_waters": "Coney Island Creek", "bbl": "3066040044.0", "secondary_": null, "community_": "311.0", "city_counc": "44.0", "assembly_d": "47.0", "asset_leng": "12.0", "asset_widt": "5.5", "asset_area": "66.0", "gi_feature": "Standard", "tree_latin": "No Tree", "tree_commo": "N/A", "constructi": "GI-NYR-3", "construc_1": "1", "program_ar": "Right of Way (ROW)", "status_gro": "Constructed", "constructe": "2021/05/25 00:00:00.000"}, "geometry": {"type": "Point", "coordinates": [-73.97624726467586, 40.608542473673026]}}, {"type": "Feature", "properties": {"asset_id": "188402.0", "gi_id": "RG-2", "row_onsite": "Onsite", "project_na": "Leif Ericson Park - Comfort Station Construction", "asset_type": "Rain Garden", "status": "Constructed", "asset_x_co": "980651.0", "asset_y_co": "169327.0", "borough": "Brooklyn", "sewer_type": "Combined", "outfall": "OH-002", "nyc_waters": "East River / Open Waters", "bbl": "3057560001.0", "secondary_": null, "community_": "310.0", "city_counc": "38.0", "assembly_d": "49.0", "asset_leng": "24.0", "asset_widt": "5.75", "asset_area": "57.81", "gi_feature": null, "tree_latin": null, "tree_commo": null, "constructi": null, "construc_1": null, "program_ar": "External", "status_gro": "Constructed", "constructe": "2016/05/01 00:00:00.000"}, "geometry": {"type": "Point", "coordinates": [-74.01296628655523, 40.63143927999553]}}, {"type": "Feature", "properties": {"asset_id": "189417.0", "gi_id": "PP6121-1", "row_onsite": "ROW", "project_na": "DDC OH15 Phase 4", "asset_type": "ROW Porous Concrete", "status": "90% Design Submitted", "asset_x_co": "986684.5663", "asset_y_co": "160665.917", "borough": "Brooklyn", "sewer_type": "Combined", "outfall": "OH-015", "nyc_waters": "East River / Open Waters", "bbl": "3062640013.0", "secondary_": null, "community_": "311.0", "city_counc": "43.0", "assembly_d": "47.0", "asset_leng": "555.0", "asset_widt": "2.0", "asset_area": "1110.0", "gi_feature": null, "tree_latin": null, "tree_commo": null, "constructi": "GKOH15-04", "construc_1": "1", "program_ar": "Right of Way (ROW)", "status_gro": "Final Design", "constructe": null}, "geometry": {"type": "Point", "coordinates": [-73.99123199681055, 40.607666805681184]}}, {"type": "Feature", "properties": {"asset_id": "189297.0", "gi_id": "PP2109-1", "row_onsite": "ROW", "project_na": "DDC OH15 Phase 4", "asset_type": "ROW Porous Concrete", "status": "90% Design Submitted", "asset_x_co": "986797.12", "asset_y_co": "163319.5", "borough": "Brooklyn", "sewer_type": "Combined", "outfall": "OH-015", "nyc_waters": "East River / Open Waters", "bbl": "3061620001.0", "secondary_": null, "community_": "311.0", "city_counc": "43.0", "assembly_d": "49.0", "asset_leng": "175.0", "asset_widt": "2.0", "asset_area": "350.0", "gi_feature": null, "tree_latin": null, "tree_commo": null, "constructi": "GKOH15-04", "construc_1": "1", "program_ar": "Right of Way (ROW)", "status_gro": "Final Design", "constructe": null}, "geometry": {"type": "Point", "coordinates": [-73.9908256382177, 40.614950313296276]}}, {"type": "Feature", "properties": {"asset_id": "189471.0", "gi_id": "PP8138.1-1", "row_onsite": "ROW", "project_na": "DDC OH15 Phase 4", "asset_type": "ROW Porous Concrete", "status": "90% Design Submitted", "asset_x_co": "984421.4686", "asset_y_co": "158707.2558", "borough": "Brooklyn", "sewer_type": "Combined", "outfall": "OH-015", "nyc_waters": "East River / Open Waters", "bbl": "3064100016.0", "secondary_": null, "community_": "311.0", "city_counc": "43.0", "assembly_d": "47.0", "asset_leng": "99.0", "asset_widt": "4.0", "asset_area": "396.0", "gi_feature": null, "tree_latin": null, "tree_commo": null, "constructi": "GKOH15-04", "construc_1": "1", "program_ar": "Right of Way (ROW)", "status_gro": "Final Design", "constructe": null}, "geometry": {"type": "Point", "coordinates": [-73.99938251215711, 40.602291013232886]}}, {"type": "Feature", "properties": {"asset_id": "188786.0", "gi_id": "PP8026", "row_onsite": "ROW", "project_na": "DDC OH15 Phase 4", "asset_type": "ROW Porous Concrete", "status": "90% Design Submitted", "asset_x_co": "982467.6696", "asset_y_co": "160368.0649", "borough": "Brooklyn", "sewer_type": "Combined", "outfall": "OH-015", "nyc_waters": "East River / Open Waters", "bbl": "3063660003.0", "secondary_": null, "community_": "311.0", "city_counc": "38.0", "assembly_d": "47.0", "asset_leng": "163.0", "asset_widt": "2.0", "asset_area": "326.0", "gi_feature": null, "tree_latin": null, "tree_commo": null, "constructi": "GKOH15-04", "construc_1": "1", "program_ar": "Right of Way (ROW)", "status_gro": "Final Design", "constructe": null}, "geometry": {"type": "Point", "coordinates": [-74.00641892049643, 40.606849417814935]}}, {"type": "Feature", "properties": {"asset_id": "189380.0", "gi_id": "PP6071", "row_onsite": "ROW", "project_na": "DDC OH15 Phase 4", "asset_type": "ROW Porous Concrete", "status": "90% Design Submitted", "asset_x_co": "985232.8061", "asset_y_co": "161522.8353", "borough": "Brooklyn", "sewer_type": "Combined", "outfall": "OH-015", "nyc_waters": "East River / Open Waters", "bbl": "3062610058.0", "secondary_": null, "community_": "311.0", "city_counc": "43.0", "assembly_d": "49.0", "asset_leng": "375.0", "asset_widt": "2.0", "asset_area": "750.0", "gi_feature": null, "tree_latin": null, "tree_commo": null, "constructi": "GKOH15-04", "construc_1": "1", "program_ar": "Right of Way (ROW)", "status_gro": "Final Design", "constructe": null}, "geometry": {"type": "Point", "coordinates": [-73.99646033441525, 40.610019150465774]}}, {"type": "Feature", "properties": {"asset_id": "183478.0", "gi_id": "GS34C", "row_onsite": "ROW", "project_na": "Gravesend", "asset_type": "ROWGS", "status": "Constructed (Full Maintenance)", "asset_x_co": "990761.2237", "asset_y_co": "160257.1505", "borough": "Brooklyn", "sewer_type": "Combined", "outfall": "OH-021", "nyc_waters": "Coney Island Creek", "bbl": "3066280038.0", "secondary_": null, "community_": "311.0", "city_counc": "44.0", "assembly_d": "47.0", "asset_leng": "12.0", "asset_widt": "3.5", "asset_area": "42.0", "gi_feature": null, "tree_latin": "No Tree", "tree_commo": "N/A", "constructi": "GI-NYR-3", "construc_1": "1", "program_ar": "Right of Way (ROW)", "status_gro": "Constructed", "constructe": "2021/05/25 00:00:00.000"}, "geometry": {"type": "Point", "coordinates": [-73.97655045562415, 40.6065427673549]}}, {"type": "Feature", "properties": {"asset_id": "189428.0", "gi_id": "PP7036-1", "row_onsite": "ROW", "project_na": "DDC OH15 Phase 4", "asset_type": "ROW Porous Concrete", "status": "90% Design Submitted", "asset_x_co": "984454.2844", "asset_y_co": "161476.694", "borough": "Brooklyn", "sewer_type": "Combined", "outfall": "OH-015", "nyc_waters": "East River / Open Waters", "bbl": "3062850001.0", "secondary_": null, "community_": "311.0", "city_counc": "38.0", "assembly_d": "49.0", "asset_leng": "227.0", "asset_widt": "2.0", "asset_area": "454.0", "gi_feature": null, "tree_latin": null, "tree_commo": null, "constructi": "GKOH15-04", "construc_1": "1", "program_ar": "Right of Way (ROW)", "status_gro": "Final Design", "constructe": null}, "geometry": {"type": "Point", "coordinates": [-73.99926425269481, 40.609892555087974]}}, {"type": "Feature", "properties": {"asset_id": "183977.0", "gi_id": "IB8C", "row_onsite": "ROW", "project_na": "Gravesend", "asset_type": "ROW Infiltration Basin with Concrete Top", "status": "Constructed (Full Maintenance)", "asset_x_co": "990480.43", "asset_y_co": "160871.24", "borough": "Brooklyn", "sewer_type": "Combined", "outfall": "OH-021", "nyc_waters": "Coney Island Creek", "bbl": "3066280001.0", "secondary_": null, "community_": "311.0", "city_counc": "44.0", "assembly_d": "47.0", "asset_leng": "18.0", "asset_widt": "5.0", "asset_area": "90.0", "gi_feature": "Type C - SW Chamber", "tree_latin": "No Tree", "tree_commo": "N/A", "constructi": "GI-NYR-3", "construc_1": "1", "program_ar": "Right of Way (ROW)", "status_gro": "Constructed", "constructe": "2021/05/25 00:00:00.000"}, "geometry": {"type": "Point", "coordinates": [-73.97756114058342, 40.608228519599365]}}, {"type": "Feature", "properties": {"asset_id": "189357.0", "gi_id": "PP5074", "row_onsite": "ROW", "project_na": "DDC OH15 Phase 4", "asset_type": "ROW Porous Concrete", "status": "90% Design Submitted", "asset_x_co": "981666.6181", "asset_y_co": "163392.8469", "borough": "Brooklyn", "sewer_type": "Combined", "outfall": "OH-015", "nyc_waters": "East River / Open Waters", "bbl": "3062920044.0", "secondary_": null, "community_": "310.0", "city_counc": "47.0", "assembly_d": "49.0", "asset_leng": "75.0", "asset_widt": "2.0", "asset_area": "150.0", "gi_feature": null, "tree_latin": null, "tree_commo": null, "constructi": "GKOH15-04", "construc_1": "1", "program_ar": "Right of Way (ROW)", "status_gro": "Final Design", "constructe": null}, "geometry": {"type": "Point", "coordinates": [-74.00930500071036, 40.61515162505302]}}, {"type": "Feature", "properties": {"asset_id": "158163.0", "gi_id": "F4", "row_onsite": "ROW", "project_na": "Flushing-Gowanus EBP 2010", "asset_type": "ROWB", "status": "Constructed (Full Maintenance)", "asset_x_co": "987627.1098", "asset_y_co": "184287.1676", "borough": "Brooklyn", "sewer_type": "Combined", "outfall": "OH-007", "nyc_waters": "Gowanus Canal", "bbl": "3009800095.0", "secondary_": null, "community_": "306.0", "city_counc": "39.0", "assembly_d": "52.0", "asset_leng": "20.0", "asset_widt": "8.5", "asset_area": "170.0", "gi_feature": "Standard", "tree_latin": "Nyssa sylvatica", "tree_commo": "Blackgum", "constructi": null, "construc_1": null, "program_ar": "Right of Way (ROW)", "status_gro": "Constructed", "constructe": "2014/05/01 00:00:00.000"}, "geometry": {"type": "Point", "coordinates": [-73.98782563738325, 40.67250176896495]}}, {"type": "Feature", "properties": {"asset_id": "189318.0", "gi_id": "PP4046.1", "row_onsite": "ROW", "project_na": "DDC OH15 Phase 4", "asset_type": "ROW Porous Concrete", "status": "90% Design Submitted", "asset_x_co": "986980.53", "asset_y_co": "162472.45", "borough": "Brooklyn", "sewer_type": "Combined", "outfall": "OH-015", "nyc_waters": "East River / Open Waters", "bbl": "3061950007.0", "secondary_": null, "community_": "311.0", "city_counc": "43.0", "assembly_d": "49.0", "asset_leng": "670.0", "asset_widt": "4.0", "asset_area": "2680.0", "gi_feature": null, "tree_latin": null, "tree_commo": null, "constructi": "GKOH15-04", "construc_1": "1", "program_ar": "Right of Way (ROW)", "status_gro": "Final Design", "constructe": null}, "geometry": {"type": "Point", "coordinates": [-73.99016536391409, 40.612625281786094]}}, {"type": "Feature", "properties": {"asset_id": "189333.0", "gi_id": "PP4077", "row_onsite": "ROW", "project_na": "DDC OH15 Phase 4", "asset_type": "ROW Porous Concrete", "status": "90% Design Submitted", "asset_x_co": "988364.82", "asset_y_co": "161707.33", "borough": "Brooklyn", "sewer_type": "Combined", "outfall": "OH-015", "nyc_waters": "East River / Open Waters", "bbl": "3061860021.0", "secondary_": null, "community_": "311.0", "city_counc": "43.0", "assembly_d": "47.0", "asset_leng": "670.0", "asset_widt": "4.0", "asset_area": "2680.0", "gi_feature": null, "tree_latin": null, "tree_commo": null, "constructi": "GKOH15-04", "construc_1": "1", "program_ar": "Right of Way (ROW)", "status_gro": "Final Design", "constructe": null}, "geometry": {"type": "Point", "coordinates": [-73.98517998958711, 40.610524649638116]}}, {"type": "Feature", "properties": {"asset_id": "189402.0", "gi_id": "PP6102", "row_onsite": "ROW", "project_na": "DDC OH15 Phase 4", "asset_type": "ROW Porous Concrete", "status": "90% Design Submitted", "asset_x_co": "985922.0737", "asset_y_co": "161015.0915", "borough": "Brooklyn", "sewer_type": "Combined", "outfall": "OH-015", "nyc_waters": "East River / Open Waters", "bbl": "3062630007.0", "secondary_": null, "community_": "311.0", "city_counc": "43.0", "assembly_d": "47.0", "asset_leng": "170.0", "asset_widt": "4.0", "asset_area": "680.0", "gi_feature": null, "tree_latin": null, "tree_commo": null, "constructi": "GKOH15-04", "construc_1": "1", "program_ar": "Right of Way (ROW)", "status_gro": "Final Design", "constructe": null}, "geometry": {"type": "Point", "coordinates": [-73.99397799996827, 40.608625394832615]}}, {"type": "Feature", "properties": {"asset_id": "189450.0", "gi_id": "PP7081", "row_onsite": "ROW", "project_na": "DDC OH15 Phase 4", "asset_type": "ROW Porous Concrete", "status": "90% Design Submitted", "asset_x_co": "985018.0731", "asset_y_co": "159996.2431", "borough": "Brooklyn", "sewer_type": "Combined", "outfall": "OH-015", "nyc_waters": "East River / Open Waters", "bbl": "3063337502.0", "secondary_": null, "community_": "311.0", "city_counc": "38.0", "assembly_d": "47.0", "asset_leng": "669.0", "asset_widt": "4.0", "asset_area": "2676.0", "gi_feature": null, "tree_latin": null, "tree_commo": null, "constructi": "GKOH15-04", "construc_1": "1", "program_ar": "Right of Way (ROW)", "status_gro": "Final Design", "constructe": null}, "geometry": {"type": "Point", "coordinates": [-73.99723388789198, 40.60582898901235]}}, {"type": "Feature", "properties": {"asset_id": "189364.0", "gi_id": "PP6001", "row_onsite": "ROW", "project_na": "DDC OH15 Phase 4", "asset_type": "ROW Porous Concrete", "status": "90% Design Submitted", "asset_x_co": "983892.3", "asset_y_co": "163619.17", "borough": "Brooklyn", "sewer_type": "Combined", "outfall": "OH-015", "nyc_waters": "East River / Open Waters", "bbl": "3062250003.0", "secondary_": null, "community_": "311.0", "city_counc": "38.0", "assembly_d": "49.0", "asset_leng": "170.0", "asset_widt": "4.0", "asset_area": "680.0", "gi_feature": null, "tree_latin": null, "tree_commo": null, "constructi": "GKOH15-04", "construc_1": "1", "program_ar": "Right of Way (ROW)", "status_gro": "Final Design", "constructe": null}, "geometry": {"type": "Point", "coordinates": [-74.00128840045393, 40.61577320436232]}}, {"type": "Feature", "properties": {"asset_id": "189324.0", "gi_id": "PP4060", "row_onsite": "ROW", "project_na": "DDC OH15 Phase 4", "asset_type": "ROW Porous Concrete", "status": "90% Design Submitted", "asset_x_co": "987228.46", "asset_y_co": "162608.04", "borough": "Brooklyn", "sewer_type": "Combined", "outfall": "OH-015", "nyc_waters": "East River / Open Waters", "bbl": "3061850011.0", "secondary_": null, "community_": "311.0", "city_counc": "43.0", "assembly_d": "49.0", "asset_leng": "455.0", "asset_widt": "4.0", "asset_area": "1820.0", "gi_feature": null, "tree_latin": null, "tree_commo": null, "constructi": "GKOH15-04", "construc_1": "1", "program_ar": "Right of Way (ROW)", "status_gro": "Final Design", "constructe": null}, "geometry": {"type": "Point", "coordinates": [-73.98927232697467, 40.6129973683801]}}, {"type": "Feature", "properties": {"asset_id": "189395.0", "gi_id": "PP6093", "row_onsite": "ROW", "project_na": "DDC OH15 Phase 4", "asset_type": "ROW Porous Concrete", "status": "90% Design Submitted", "asset_x_co": "985843.97", "asset_y_co": "161038.19", "borough": "Brooklyn", "sewer_type": "Combined", "outfall": "OH-015", "nyc_waters": "East River / Open Waters", "bbl": "3062620060.0", "secondary_": null, "community_": "311.0", "city_counc": "43.0", "assembly_d": "49.0", "asset_leng": "355.0", "asset_widt": "2.0", "asset_area": "710.0", "gi_feature": null, "tree_latin": null, "tree_commo": null, "constructi": "GKOH15-04", "construc_1": "1", "program_ar": "Right of Way (ROW)", "status_gro": "Final Design", "constructe": null}, "geometry": {"type": "Point", "coordinates": [-73.9942592867536, 40.60868881044213]}}, {"type": "Feature", "properties": {"asset_id": "188813.0", "gi_id": "PP8137", "row_onsite": "ROW", "project_na": "DDC OH15 Phase 4", "asset_type": "ROW Porous Concrete", "status": "90% Design Submitted", "asset_x_co": "984041.4069", "asset_y_co": "158275.5947", "borough": "Brooklyn", "sewer_type": "Combined", "outfall": "OH-015", "nyc_waters": "East River / Open Waters", "bbl": "3064090052.0", "secondary_": null, "community_": "311.0", "city_counc": "43.0", "assembly_d": "47.0", "asset_leng": "476.0", "asset_widt": "2.0", "asset_area": "952.0", "gi_feature": null, "tree_latin": null, "tree_commo": null, "constructi": "GKOH15-04", "construc_1": "1", "program_ar": "Right of Way (ROW)", "status_gro": "Final Design", "constructe": null}, "geometry": {"type": "Point", "coordinates": [-74.0007511667384, 40.60110619007832]}}, {"type": "Feature", "properties": {"asset_id": "160142.0", "gi_id": "92A", "row_onsite": "ROW", "project_na": "Gravesend", "asset_type": "ROWB", "status": "Constructed (Full Maintenance)", "asset_x_co": "991572.02", "asset_y_co": "160122.23", "borough": "Brooklyn", "sewer_type": "Combined", "outfall": "OH-021", "nyc_waters": "Coney Island Creek", "bbl": "3066560006.0", "secondary_": null, "community_": "311.0", "city_counc": "44.0", "assembly_d": "47.0", "asset_leng": "13.0", "asset_widt": "4.5", "asset_area": "58.5", "gi_feature": "Standard", "tree_latin": "No Tree", "tree_commo": "N/A", "constructi": "GI-NYR-3", "construc_1": "1", "program_ar": "Right of Way (ROW)", "status_gro": "Constructed", "constructe": "2021/05/25 00:00:00.000"}, "geometry": {"type": "Point", "coordinates": [-73.97363059750121, 40.606171805781734]}}, {"type": "Feature", "properties": {"asset_id": "183951.0", "gi_id": "K238-02SRa", "row_onsite": "Onsite", "project_na": "K238 - P.S. 238", "asset_type": "Subsurface Storage", "status": "Constructed (In Guarantee)", "asset_x_co": "994139.7318", "asset_y_co": "161208.3654", "borough": "Brooklyn", "sewer_type": "MS4", "outfall": "OH-021", "nyc_waters": "Coney Island Creek", "bbl": "3066400013.0", "secondary_": null, "community_": "315.0", "city_counc": "44.0", "assembly_d": "45.0", "asset_leng": "25.0", "asset_widt": "38.0", "asset_area": "950.0", "gi_feature": null, "tree_latin": null, "tree_commo": null, "constructi": null, "construc_1": null, "program_ar": "Public Onsite", "status_gro": "Constructed", "constructe": "2023/08/06 00:00:00.000"}, "geometry": {"type": "Point", "coordinates": [-73.96438169321173, 40.60915053095677]}}, {"type": "Feature", "properties": {"asset_id": "189454.0", "gi_id": "PP7089.2", "row_onsite": "ROW", "project_na": "DDC OH15 Phase 4", "asset_type": "ROW Porous Concrete", "status": "90% Design Submitted", "asset_x_co": "985220.3902", "asset_y_co": "160129.3485", "borough": "Brooklyn", "sewer_type": "Combined", "outfall": "OH-015", "nyc_waters": "East River / Open Waters", "bbl": "3063290003.0", "secondary_": null, "community_": "311.0", "city_counc": "43.0", "assembly_d": "47.0", "asset_leng": "170.0", "asset_widt": "4.0", "asset_area": "680.0", "gi_feature": null, "tree_latin": null, "tree_commo": null, "constructi": "GKOH15-04", "construc_1": "1", "program_ar": "Right of Way (ROW)", "status_gro": "Final Design", "constructe": null}, "geometry": {"type": "Point", "coordinates": [-73.9965052519445, 40.60619431623857]}}, {"type": "Feature", "properties": {"asset_id": "189329.0", "gi_id": "PP4068", "row_onsite": "ROW", "project_na": "DDC OH15 Phase 4", "asset_type": "ROW Porous Concrete", "status": "90% Design Submitted", "asset_x_co": "987430.46", "asset_y_co": "161784.36", "borough": "Brooklyn", "sewer_type": "Combined", "outfall": "OH-015", "nyc_waters": "East River / Open Waters", "bbl": "3062070034.0", "secondary_": null, "community_": "311.0", "city_counc": "43.0", "assembly_d": "49.0", "asset_leng": "390.0", "asset_widt": "4.0", "asset_area": "1560.0", "gi_feature": null, "tree_latin": null, "tree_commo": null, "constructi": "GKOH15-04", "construc_1": "1", "program_ar": "Right of Way (ROW)", "status_gro": "Final Design", "constructe": null}, "geometry": {"type": "Point", "coordinates": [-73.98854516017818, 40.61073646586567]}}, {"type": "Feature", "properties": {"asset_id": "189414.0", "gi_id": "PP6120", "row_onsite": "ROW", "project_na": "DDC OH15 Phase 4", "asset_type": "ROW Porous Concrete", "status": "90% Design Submitted", "asset_x_co": "986633.78", "asset_y_co": "160656.77", "borough": "Brooklyn", "sewer_type": "Combined", "outfall": "OH-015", "nyc_waters": "East River / Open Waters", "bbl": "3062640007.0", "secondary_": null, "community_": "311.0", "city_counc": "43.0", "assembly_d": "47.0", "asset_leng": "61.0", "asset_widt": "4.0", "asset_area": "244.0", "gi_feature": null, "tree_latin": null, "tree_commo": null, "constructi": "GKOH15-04", "construc_1": "1", "program_ar": "Right of Way (ROW)", "status_gro": "Final Design", "constructe": null}, "geometry": {"type": "Point", "coordinates": [-73.99141490513118, 40.60764171294687]}}, {"type": "Feature", "properties": {"asset_id": "189339.0", "gi_id": "PP5003-1", "row_onsite": "ROW", "project_na": "DDC OH15 Phase 4", "asset_type": "ROW Porous Concrete", "status": "90% Design Submitted", "asset_x_co": "979729.13", "asset_y_co": "165847.59", "borough": "Brooklyn", "sewer_type": "Combined", "outfall": "OH-015", "nyc_waters": "East River / Open Waters", "bbl": "3059840014.0", "secondary_": null, "community_": "310.0", "city_counc": "38.0", "assembly_d": "46.0", "asset_leng": "75.0", "asset_widt": "4.0", "asset_area": "300.0", "gi_feature": null, "tree_latin": null, "tree_commo": null, "constructi": "GKOH15-04", "construc_1": "1", "program_ar": "Right of Way (ROW)", "status_gro": "Final Design", "constructe": null}, "geometry": {"type": "Point", "coordinates": [-74.0162852199463, 40.62188860809835]}}, {"type": "Feature", "properties": {"asset_id": "188471.0", "gi_id": "GRWD-01SS", "row_onsite": "Onsite", "project_na": "Green-Wood Cemetery", "asset_type": "Subsurface Storage", "status": "Constructed", "asset_x_co": "986954.0", "asset_y_co": "176868.0", "borough": "Brooklyn", "sewer_type": "Combined", "outfall": "OH-004", "nyc_waters": "East River / Open Waters", "bbl": "3009020001.0", "secondary_": null, "community_": "307.0", "city_counc": "38.0", "assembly_d": "51.0", "asset_leng": "0.0", "asset_widt": "0.0", "asset_area": "2892.0", "gi_feature": null, "tree_latin": null, "tree_commo": null, "constructi": null, "construc_1": null, "program_ar": "Incentivized", "status_gro": "Constructed", "constructe": "2024/03/29 00:00:00.000"}, "geometry": {"type": "Point", "coordinates": [-73.99025514915292, 40.65213802499484]}}, {"type": "Feature", "properties": {"asset_id": "160049.0", "gi_id": "2A", "row_onsite": "ROW", "project_na": "Gravesend", "asset_type": "ROWB", "status": "Constructed (Full Maintenance)", "asset_x_co": "989677.9211", "asset_y_co": "160755.077", "borough": "Brooklyn", "sewer_type": "Combined", "outfall": "OH-021", "nyc_waters": "Coney Island Creek", "bbl": "3066250001.0", "secondary_": null, "community_": "311.0", "city_counc": "43.0", "assembly_d": "47.0", "asset_leng": "10.0", "asset_widt": "4.0", "asset_area": "40.0", "gi_feature": "Standard", "tree_latin": "Quercus bicolor", "tree_commo": "Swamp White Oak", "constructi": "GI-NYR-3", "construc_1": "1", "program_ar": "Right of Way (ROW)", "status_gro": "Constructed", "constructe": "2021/05/25 00:00:00.000"}, "geometry": {"type": "Point", "coordinates": [-73.98045146516267, 40.60791020435359]}}, {"type": "Feature", "properties": {"asset_id": "158165.0", "gi_id": "F2", "row_onsite": "ROW", "project_na": "Flushing-Gowanus EBP 2010", "asset_type": "ROWB", "status": "Constructed (Full Maintenance)", "asset_x_co": "987677.7565", "asset_y_co": "184254.968", "borough": "Brooklyn", "sewer_type": "Combined", "outfall": "OH-007", "nyc_waters": "Gowanus Canal", "bbl": "3009800095.0", "secondary_": null, "community_": "306.0", "city_counc": "39.0", "assembly_d": "52.0", "asset_leng": "20.0", "asset_widt": "8.5", "asset_area": "170.0", "gi_feature": "Standard", "tree_latin": "Nyssa sylvatica", "tree_commo": "Blackgum", "constructi": null, "construc_1": null, "program_ar": "Right of Way (ROW)", "status_gro": "Constructed", "constructe": "2014/05/01 00:00:00.000"}, "geometry": {"type": "Point", "coordinates": [-73.98764307352425, 40.67241336934033]}}, {"type": "Feature", "properties": {"asset_id": "104895.0", "gi_id": "49B", "row_onsite": "ROW", "project_na": "OGI Design Area 1 (OH-007)", "asset_type": "ROWB", "status": "Constructed (Full Maintenance)", "asset_x_co": "989596.5791", "asset_y_co": "185147.6332", "borough": "Brooklyn", "sewer_type": "Combined", "outfall": "OH-007", "nyc_waters": "Gowanus Canal", "bbl": "3009620009.0", "secondary_": null, "community_": "306.0", "city_counc": "39.0", "assembly_d": "52.0", "asset_leng": "10.0", "asset_widt": "5.0", "asset_area": "50.0", "gi_feature": "Standard", "tree_latin": "No Tree", "tree_commo": "N/A", "constructi": "GKRH34-02-GKOH07-02", "construc_1": "Stage-1", "program_ar": "Right of Way (ROW)", "status_gro": "Constructed", "constructe": "2016/09/15 00:00:00.000"}, "geometry": {"type": "Point", "coordinates": [-73.9807250862556, 40.67486258381413]}}, {"type": "Feature", "properties": {"asset_id": "189437.0", "gi_id": "PP7057", "row_onsite": "ROW", "project_na": "DDC OH15 Phase 4", "asset_type": "ROW Porous Concrete", "status": "90% Design Submitted", "asset_x_co": "984927.3239", "asset_y_co": "161015.095", "borough": "Brooklyn", "sewer_type": "Combined", "outfall": "OH-015", "nyc_waters": "East River / Open Waters", "bbl": "3062970001.0", "secondary_": null, "community_": "311.0", "city_counc": "38.0", "assembly_d": "49.0", "asset_leng": "162.0", "asset_widt": "4.0", "asset_area": "648.0", "gi_feature": null, "tree_latin": null, "tree_commo": null, "constructi": "GKOH15-04", "construc_1": "1", "program_ar": "Right of Way (ROW)", "status_gro": "Final Design", "constructe": null}, "geometry": {"type": "Point", "coordinates": [-73.99756060774592, 40.60862553660813]}}, {"type": "Feature", "properties": {"asset_id": "189464.0", "gi_id": "PP7097-1", "row_onsite": "ROW", "project_na": "DDC OH15 Phase 4", "asset_type": "ROW Porous Concrete", "status": "90% Design Submitted", "asset_x_co": "986056.9845", "asset_y_co": "159874.1614", "borough": "Brooklyn", "sewer_type": "Combined", "outfall": "OH-015", "nyc_waters": "East River / Open Waters", "bbl": "3062990062.0", "secondary_": null, "community_": "311.0", "city_counc": "43.0", "assembly_d": "47.0", "asset_leng": "130.0", "asset_widt": "2.0", "asset_area": "260.0", "gi_feature": null, "tree_latin": null, "tree_commo": null, "constructi": "GKOH15-04", "construc_1": "1", "program_ar": "Right of Way (ROW)", "status_gro": "Final Design", "constructe": null}, "geometry": {"type": "Point", "coordinates": [-73.99349242178273, 40.60549374851398]}}, {"type": "Feature", "properties": {"asset_id": "184392.0", "gi_id": "PCP1", "row_onsite": "Onsite", "project_na": "Benson PG - Asphalt Field and Handball Court Reconstruction", "asset_type": "Permeable Pavers", "status": "Constructed", "asset_x_co": "983687.409", "asset_y_co": "158848.98", "borough": "Brooklyn", "sewer_type": "Combined", "outfall": "OH-015", "nyc_waters": "East River / Open Waters", "bbl": "3064070047.0", "secondary_": null, "community_": "311.0", "city_counc": "38.0", "assembly_d": "47.0", "asset_leng": "67.88", "asset_widt": "12.12", "asset_area": "816.0", "gi_feature": null, "tree_latin": null, "tree_commo": null, "constructi": null, "construc_1": null, "program_ar": "External", "status_gro": "Constructed", "constructe": "2017/11/01 00:00:00.000"}, "geometry": {"type": "Point", "coordinates": [-74.00202600023577, 40.602680000947984]}}, {"type": "Feature", "properties": {"asset_id": "189441.0", "gi_id": "PP7068.2", "row_onsite": "ROW", "project_na": "DDC OH15 Phase 4", "asset_type": "ROW Porous Concrete", "status": "90% Design Submitted", "asset_x_co": "985599.1298", "asset_y_co": "160607.5288", "borough": "Brooklyn", "sewer_type": "Combined", "outfall": "OH-015", "nyc_waters": "East River / Open Waters", "bbl": "3062870008.0", "secondary_": null, "community_": "311.0", "city_counc": "43.0", "assembly_d": "47.0", "asset_leng": "170.0", "asset_widt": "4.0", "asset_area": "680.0", "gi_feature": null, "tree_latin": null, "tree_commo": null, "constructi": "GKOH15-04", "construc_1": "1", "program_ar": "Right of Way (ROW)", "status_gro": "Final Design", "constructe": null}, "geometry": {"type": "Point", "coordinates": [-73.99514116897538, 40.60750677428857]}}, {"type": "Feature", "properties": {"asset_id": "189377.0", "gi_id": "PP6059-1", "row_onsite": "ROW", "project_na": "DDC OH15 Phase 4", "asset_type": "ROW Porous Concrete", "status": "90% Design Submitted", "asset_x_co": "985088.6477", "asset_y_co": "162300.4862", "borough": "Brooklyn", "sewer_type": "Combined", "outfall": "OH-015", "nyc_waters": "East River / Open Waters", "bbl": "3062380065.0", "secondary_": null, "community_": "311.0", "city_counc": "43.0", "assembly_d": "49.0", "asset_leng": "330.0", "asset_widt": "2.0", "asset_area": "660.0", "gi_feature": null, "tree_latin": null, "tree_commo": null, "constructi": "GKOH15-04", "construc_1": "1", "program_ar": "Right of Way (ROW)", "status_gro": "Final Design", "constructe": null}, "geometry": {"type": "Point", "coordinates": [-73.99697943780956, 40.61215365735631]}}, {"type": "Feature", "properties": {"asset_id": "187195.0", "gi_id": "B106-01STa", "row_onsite": "Onsite", "project_na": "Lafayette PG - Reconstruction", "asset_type": "Synthetic Turf Field Storage Layer", "status": "Constructed", "asset_x_co": "988089.297", "asset_y_co": "155754.731", "borough": "Brooklyn", "sewer_type": "Combined", "outfall": "OH-021", "nyc_waters": "Coney Island Creek", "bbl": "3068710001.0", "secondary_": null, "community_": "313.0", "city_counc": "47.0", "assembly_d": "47.0", "asset_leng": "69.0", "asset_widt": "50.0", "asset_area": "3461.0", "gi_feature": null, "tree_latin": null, "tree_commo": null, "constructi": null, "construc_1": null, "program_ar": "External", "status_gro": "Constructed", "constructe": "2019/07/01 00:00:00.000"}, "geometry": {"type": "Point", "coordinates": [-73.98617570074977, 40.59418609927264]}}, {"type": "Feature", "properties": {"asset_id": "189328.0", "gi_id": "PP4065.2", "row_onsite": "ROW", "project_na": "DDC OH15 Phase 4", "asset_type": "ROW Porous Concrete", "status": "90% Design Submitted", "asset_x_co": "987591.81", "asset_y_co": "161987.87", "borough": "Brooklyn", "sewer_type": "Combined", "outfall": "OH-015", "nyc_waters": "East River / Open Waters", "bbl": "3061960040.0", "secondary_": null, "community_": "311.0", "city_counc": "43.0", "assembly_d": "49.0", "asset_leng": "195.0", "asset_widt": "4.0", "asset_area": "780.0", "gi_feature": null, "tree_latin": null, "tree_commo": null, "constructi": "GKOH15-04", "construc_1": "1", "program_ar": "Right of Way (ROW)", "status_gro": "Final Design", "constructe": null}, "geometry": {"type": "Point", "coordinates": [-73.98796393744566, 40.6112949998306]}}, {"type": "Feature", "properties": {"asset_id": "189419.0", "gi_id": "PP6125-1", "row_onsite": "ROW", "project_na": "DDC OH15 Phase 4", "asset_type": "ROW Porous Concrete", "status": "90% Design Submitted", "asset_x_co": "986523.02", "asset_y_co": "160462.11", "borough": "Brooklyn", "sewer_type": "Combined", "outfall": "OH-015", "nyc_waters": "East River / Open Waters", "bbl": "3062760014.0", "secondary_": null, "community_": "311.0", "city_counc": "43.0", "assembly_d": "47.0", "asset_leng": "505.0", "asset_widt": "4.0", "asset_area": "2020.0", "gi_feature": null, "tree_latin": null, "tree_commo": null, "constructi": "GKOH15-04", "construc_1": "1", "program_ar": "Right of Way (ROW)", "status_gro": "Final Design", "constructe": null}, "geometry": {"type": "Point", "coordinates": [-73.9918138684753, 40.60710744006562]}}, {"type": "Feature", "properties": {"asset_id": "184410.0", "gi_id": "PCP1", "row_onsite": "Onsite", "project_na": "PS 192 - PS 192 PG Reconstruction", "asset_type": "Permeable Pavers", "status": "Constructed", "asset_x_co": "990016.667", "asset_y_co": "168340.719", "borough": "Brooklyn", "sewer_type": "Combined", "outfall": "OH-015", "nyc_waters": "East River / Open Waters", "bbl": "3054450001.0", "secondary_": null, "community_": "312.0", "city_counc": "44.0", "assembly_d": "48.0", "asset_leng": "528.4", "asset_widt": "6.0", "asset_area": "3170.42", "gi_feature": null, "tree_latin": null, "tree_commo": null, "constructi": null, "construc_1": null, "program_ar": "External", "status_gro": "Constructed", "constructe": "2014/12/01 00:00:00.000"}, "geometry": {"type": "Point", "coordinates": [-73.97922500098906, 40.62873100145404]}}, {"type": "Feature", "properties": {"asset_id": "189383.0", "gi_id": "PP6073", "row_onsite": "ROW", "project_na": "DDC OH15 Phase 4", "asset_type": "ROW Porous Concrete", "status": "90% Design Submitted", "asset_x_co": "985214.3799", "asset_y_co": "161499.5888", "borough": "Brooklyn", "sewer_type": "Combined", "outfall": "OH-015", "nyc_waters": "East River / Open Waters", "bbl": "3062730027.0", "secondary_": null, "community_": "311.0", "city_counc": "43.0", "assembly_d": "49.0", "asset_leng": "375.0", "asset_widt": "4.0", "asset_area": "1500", "gi_feature": null, "tree_latin": null, "tree_commo": null, "constructi": "GKOH15-04", "construc_1": "1", "program_ar": "Right of Way (ROW)", "status_gro": "Final Design", "constructe": null}, "geometry": {"type": "Point", "coordinates": [-73.99652670117023, 40.60995534604816]}}, {"type": "Feature", "properties": {"asset_id": "160114.0", "gi_id": "58A", "row_onsite": "ROW", "project_na": "Gravesend", "asset_type": "ROWB", "status": "Constructed (Full Maintenance)", "asset_x_co": "990869.4205", "asset_y_co": "160181.7209", "borough": "Brooklyn", "sewer_type": "Combined", "outfall": "OH-021", "nyc_waters": "Coney Island Creek", "bbl": "3066290043.0", "secondary_": null, "community_": "311.0", "city_counc": "44.0", "assembly_d": "47.0", "asset_leng": "15.0", "asset_widt": "6.0", "asset_area": "90.0", "gi_feature": "Standard", "tree_latin": "No Tree", "tree_commo": "N/A", "constructi": "GI-NYR-3", "construc_1": "1", "program_ar": "Right of Way (ROW)", "status_gro": "Constructed", "constructe": "2021/05/25 00:00:00.000"}, "geometry": {"type": "Point", "coordinates": [-73.97616086983466, 40.60633564915882]}}, {"type": "Feature", "properties": {"asset_id": "190853.0", "gi_id": "GRWD-E-PP-2", "row_onsite": "Onsite", "project_na": "Green-Wood Cemetery", "asset_type": "Permeable Pavers", "status": "Constructed", "asset_x_co": "986954.00004", "asset_y_co": "176868.00004", "borough": "Brooklyn", "sewer_type": "Combined", "outfall": "OH-004", "nyc_waters": "East River / Open Waters", "bbl": "3009020005.0", "secondary_": null, "community_": "307.0", "city_counc": "38.0", "assembly_d": "51.0", "asset_leng": "0.0", "asset_widt": "0.0", "asset_area": "396.0", "gi_feature": null, "tree_latin": null, "tree_commo": null, "constructi": null, "construc_1": null, "program_ar": "Incentivized", "status_gro": "Constructed", "constructe": "2024/06/21 00:00:00.000"}, "geometry": {"type": "Point", "coordinates": [-73.99025514915292, 40.65213802499484]}}, {"type": "Feature", "properties": {"asset_id": "189410.0", "gi_id": "PP6114", "row_onsite": "ROW", "project_na": "DDC OH15 Phase 4", "asset_type": "ROW Porous Concrete", "status": "90% Design Submitted", "asset_x_co": "987369.5763", "asset_y_co": "160454.8171", "borough": "Brooklyn", "sewer_type": "Combined", "outfall": "OH-015", "nyc_waters": "East River / Open Waters", "bbl": "3062520025.0", "secondary_": null, "community_": "311.0", "city_counc": "43.0", "assembly_d": "47.0", "asset_leng": "428.0", "asset_widt": "4.0", "asset_area": "1712.0", "gi_feature": null, "tree_latin": null, "tree_commo": null, "constructi": "GKOH15-04", "construc_1": "1", "program_ar": "Right of Way (ROW)", "status_gro": "Final Design", "constructe": null}, "geometry": {"type": "Point", "coordinates": [-73.98876505501069, 40.60708716568687]}}, {"type": "Feature", "properties": {"asset_id": "105139.0", "gi_id": "247D", "row_onsite": "ROW", "project_na": "OGI Design Area 1 (OH-007)", "asset_type": "ROWB", "status": "Constructed (Full Maintenance)", "asset_x_co": "986642.2501", "asset_y_co": "184297.6862", "borough": "Brooklyn", "sewer_type": "Combined", "outfall": "OH-007", "nyc_waters": "Gowanus Canal", "bbl": "3009960049.0", "secondary_": null, "community_": "306.0", "city_counc": "39.0", "assembly_d": "52.0", "asset_leng": "10.0", "asset_widt": "4.0", "asset_area": "40.0", "gi_feature": "Standard", "tree_latin": "Quercus acutissima", "tree_commo": "Sawtooth Oak", "constructi": "GKRH34-02-GKOH07-02", "construc_1": "Stage-1", "program_ar": "Right of Way (ROW)", "status_gro": "Constructed", "constructe": "2016/09/15 00:00:00.000"}, "geometry": {"type": "Point", "coordinates": [-73.99137601803129, 40.67253096129588]}}, {"type": "Feature", "properties": {"asset_id": "188814.0", "gi_id": "PP8142.1", "row_onsite": "ROW", "project_na": "DDC OH15 Phase 4", "asset_type": "ROW Porous Concrete", "status": "90% Design Submitted", "asset_x_co": "983087.9947", "asset_y_co": "158280.3596", "borough": "Brooklyn", "sewer_type": "Combined", "outfall": "OH-015", "nyc_waters": "East River / Open Waters", "bbl": "3064400021.0", "secondary_": null, "community_": "311.0", "city_counc": "47.0", "assembly_d": "47.0", "asset_leng": "465.0", "asset_widt": "4.0", "asset_area": "1860.0", "gi_feature": null, "tree_latin": null, "tree_commo": null, "constructi": "GKOH15-04", "construc_1": "1", "program_ar": "Right of Way (ROW)", "status_gro": "Final Design", "constructe": null}, "geometry": {"type": "Point", "coordinates": [-74.00418450973554, 40.60111919553697]}}, {"type": "Feature", "properties": {"asset_id": "189456.0", "gi_id": "PP7090-1", "row_onsite": "ROW", "project_na": "DDC OH15 Phase 4", "asset_type": "ROW Porous Concrete", "status": "90% Design Submitted", "asset_x_co": "986218.4045", "asset_y_co": "160077.8556", "borough": "Brooklyn", "sewer_type": "Combined", "outfall": "OH-015", "nyc_waters": "East River / Open Waters", "bbl": "3062880063.0", "secondary_": null, "community_": "311.0", "city_counc": "43.0", "assembly_d": "47.0", "asset_leng": "275.0", "asset_widt": "2.0", "asset_area": "550.0", "gi_feature": null, "tree_latin": null, "tree_commo": null, "constructi": "GKOH15-04", "construc_1": "1", "program_ar": "Right of Way (ROW)", "status_gro": "Final Design", "constructe": null}, "geometry": {"type": "Point", "coordinates": [-73.99291103317624, 40.606052813866555]}}, {"type": "Feature", "properties": {"asset_id": "188795.0", "gi_id": "PP8079", "row_onsite": "ROW", "project_na": "DDC OH15 Phase 4", "asset_type": "ROW Porous Concrete", "status": "90% Design Submitted", "asset_x_co": "983256.8069", "asset_y_co": "159439.2654", "borough": "Brooklyn", "sewer_type": "Combined", "outfall": "OH-015", "nyc_waters": "East River / Open Waters", "bbl": "3064040022.0", "secondary_": null, "community_": "311.0", "city_counc": "38.0", "assembly_d": "47.0", "asset_leng": "254.0", "asset_widt": "4.0", "asset_area": "1016.0", "gi_feature": null, "tree_latin": null, "tree_commo": null, "constructi": "GKOH15-04", "construc_1": "1", "program_ar": "Right of Way (ROW)", "status_gro": "Final Design", "constructe": null}, "geometry": {"type": "Point", "coordinates": [-74.00357676941194, 40.604300176860654]}}, {"type": "Feature", "properties": {"asset_id": "189343.0", "gi_id": "PP5031-1", "row_onsite": "ROW", "project_na": "DDC OH15 Phase 4", "asset_type": "ROW Porous Concrete", "status": "90% Design Submitted", "asset_x_co": "982249.54", "asset_y_co": "164514.04", "borough": "Brooklyn", "sewer_type": "Combined", "outfall": "OH-015", "nyc_waters": "East River / Open Waters", "bbl": "3062440112.0", "secondary_": null, "community_": "310.0", "city_counc": "38.0", "assembly_d": "49.0", "asset_leng": "464.0", "asset_widt": "4.0", "asset_area": "1856.0", "gi_feature": null, "tree_latin": null, "tree_commo": null, "constructi": "GKOH15-04", "construc_1": "1", "program_ar": "Right of Way (ROW)", "status_gro": "Final Design", "constructe": null}, "geometry": {"type": "Point", "coordinates": [-74.00720572463761, 40.61822921907994]}}, {"type": "Feature", "properties": {"asset_id": "189349.0", "gi_id": "PP5045", "row_onsite": "ROW", "project_na": "DDC OH15 Phase 4", "asset_type": "ROW Porous Concrete", "status": "90% Design Submitted", "asset_x_co": "982346.24", "asset_y_co": "164181.06", "borough": "Brooklyn", "sewer_type": "Combined", "outfall": "OH-015", "nyc_waters": "East River / Open Waters", "bbl": "3062450001.0", "secondary_": null, "community_": "311.0", "city_counc": "38.0", "assembly_d": "49.0", "asset_leng": "170.0", "asset_widt": "4.0", "asset_area": "680.0", "gi_feature": null, "tree_latin": null, "tree_commo": null, "constructi": "GKOH15-04", "construc_1": "1", "program_ar": "Right of Way (ROW)", "status_gro": "Final Design", "constructe": null}, "geometry": {"type": "Point", "coordinates": [-74.00685731428374, 40.61731527945648]}}, {"type": "Feature", "properties": {"asset_id": "160047.0", "gi_id": "1A", "row_onsite": "ROW", "project_na": "Gravesend", "asset_type": "ROWB", "status": "Constructed (Full Maintenance)", "asset_x_co": "989678.55", "asset_y_co": "160816.78", "borough": "Brooklyn", "sewer_type": "Combined", "outfall": "OH-021", "nyc_waters": "Coney Island Creek", "bbl": "3066000053.0", "secondary_": "3066000052", "community_": "311.0", "city_counc": "43.0", "assembly_d": "47.0", "asset_leng": "12.0", "asset_widt": "4.0", "asset_area": "48.0", "gi_feature": "Standard", "tree_latin": "Quercus bicolor", "tree_commo": "Swamp White Oak", "constructi": "GI-NYR-3", "construc_1": "1", "program_ar": "Right of Way (ROW)", "status_gro": "Constructed", "constructe": "2021/05/25 00:00:00.000"}, "geometry": {"type": "Point", "coordinates": [-73.98044915046724, 40.60807956595398]}}, {"type": "Feature", "properties": {"asset_id": "189129.0", "gi_id": "B-3", "row_onsite": "ROW", "project_na": "Downtown BK Traffic Calming", "asset_type": "ROWB", "status": "Constructed (Full Maintenance)", "asset_x_co": "988594.815", "asset_y_co": "185222.058", "borough": "Brooklyn", "sewer_type": "Combined", "outfall": "OH-007", "nyc_waters": "Gowanus Canal", "bbl": "3009640001.0", "secondary_": null, "community_": "306.0", "city_counc": "39.0", "assembly_d": "52.0", "asset_leng": "20.0", "asset_widt": "5.0", "asset_area": "100.0", "gi_feature": "Standard", "tree_latin": "Gleditsia triacanthos var. inermis", "tree_commo": "Thornless Common Honeylocust", "constructi": "HWK1153A", "construc_1": "1", "program_ar": "Right of Way (ROW)", "status_gro": "Constructed", "constructe": "2013/09/15 00:00:00.000"}, "geometry": {"type": "Point", "coordinates": [-73.9843364905636, 40.67506741125843]}}, {"type": "Feature", "properties": {"asset_id": "189291.0", "gi_id": "K053-01STa", "row_onsite": "Onsite", "project_na": "PS 314/503/506", "asset_type": "Synthetic Turf Field Storage Layer", "status": "Constructed", "asset_x_co": "979115.806", "asset_y_co": "173002.788", "borough": "Brooklyn", "sewer_type": "Combined", "outfall": "OH-002", "nyc_waters": "East River / Open Waters", "bbl": "3008620032.0", "secondary_": null, "community_": "307.0", "city_counc": "38.0", "assembly_d": "51.0", "asset_leng": "90.0", "asset_widt": "78.0", "asset_area": "7000", "gi_feature": null, "tree_latin": null, "tree_commo": null, "constructi": null, "construc_1": null, "program_ar": "Public Onsite", "status_gro": "Constructed", "constructe": "2024/07/09 00:00:00.000"}, "geometry": {"type": "Point", "coordinates": [-74.01849999920422, 40.6415277779496]}}, {"type": "Feature", "properties": {"asset_id": "160060.0", "gi_id": "9A", "row_onsite": "ROW", "project_na": "Gravesend", "asset_type": "ROWB", "status": "Constructed (Full Maintenance)", "asset_x_co": "990880.9366", "asset_y_co": "160990.779", "borough": "Brooklyn", "sewer_type": "Combined", "outfall": "OH-021", "nyc_waters": "Coney Island Creek", "bbl": "3066040044.0", "secondary_": null, "community_": "311.0", "city_counc": "44.0", "assembly_d": "47.0", "asset_leng": "10.0", "asset_widt": "5.5", "asset_area": "55.0", "gi_feature": "Standard", "tree_latin": "No Tree", "tree_commo": "N/A", "constructi": "GI-NYR-3", "construc_1": "1", "program_ar": "Right of Way (ROW)", "status_gro": "Constructed", "constructe": "2021/05/25 00:00:00.000"}, "geometry": {"type": "Point", "coordinates": [-73.9761186016475, 40.60855633935782]}}, {"type": "Feature", "properties": {"asset_id": "190919.0", "gi_id": "K180-01STa", "row_onsite": "Onsite", "project_na": "P.S. 180 - BROOKLYN", "asset_type": "Synthetic Turf Field Storage Layer", "status": "In Construction", "asset_x_co": "987303.828", "asset_y_co": "167405.656", "borough": "Brooklyn", "sewer_type": "Combined", "outfall": "OH-002", "nyc_waters": "East River / Open Waters", "bbl": "3054920001.0", "secondary_": null, "community_": "312.0", "city_counc": "44.0", "assembly_d": "48.0", "asset_leng": "95.0", "asset_widt": "46.0", "asset_area": "4248.0", "gi_feature": null, "tree_latin": null, "tree_commo": null, "constructi": null, "construc_1": null, "program_ar": "Public Onsite", "status_gro": "In Construction", "constructe": null}, "geometry": {"type": "Point", "coordinates": [-73.98899870013611, 40.626165800536924]}}, {"type": "Feature", "properties": {"asset_id": "104937.0", "gi_id": "82B", "row_onsite": "ROW", "project_na": "OGI Design Area 1 (OH-007)", "asset_type": "ROWRG", "status": "Constructed (Full Maintenance)", "asset_x_co": "988608.2254", "asset_y_co": "185179.4208", "borough": "Brooklyn", "sewer_type": "Combined", "outfall": "OH-007", "nyc_waters": "Gowanus Canal", "bbl": "3009690001.0", "secondary_": null, "community_": "306.0", "city_counc": "39.0", "assembly_d": "52.0", "asset_leng": "20.0", "asset_widt": "5.0", "asset_area": "100.0", "gi_feature": null, "tree_latin": "No Tree", "tree_commo": "N/A", "constructi": "GKRH34-02-GKOH07-02", "construc_1": "Stage-1", "program_ar": "Right of Way (ROW)", "status_gro": "Constructed", "constructe": "2016/09/15 00:00:00.000"}, "geometry": {"type": "Point", "coordinates": [-73.98428817222879, 40.67495037465407]}}, {"type": "Feature", "properties": {"asset_id": "186751.0", "gi_id": "ROWSGS1", "row_onsite": "ROW", "project_na": "Church Avenue, 14th Avenue, 35th Street Stormwater Greenstreet", "asset_type": "ROWSGS", "status": "Constructed", "asset_x_co": "989357.61601", "asset_y_co": "173096.2735", "borough": "Brooklyn", "sewer_type": "Combined", "outfall": "OH-015", "nyc_waters": "East River / Open Waters", "bbl": "3053510062.0", "secondary_": null, "community_": "312.0", "city_counc": "39.0", "assembly_d": "44.0", "asset_leng": "92.5", "asset_widt": "8.5", "asset_area": "786.25", "gi_feature": "Standard", "tree_latin": "No Tree", "tree_commo": "N/A", "constructi": null, "construc_1": null, "program_ar": "External", "status_gro": "Constructed", "constructe": "2011/02/10 00:00:00.000"}, "geometry": {"type": "Point", "coordinates": [-73.98159569850256, 40.64178439151514]}}, {"type": "Feature", "properties": {"asset_id": "189373.0", "gi_id": "PP6053", "row_onsite": "ROW", "project_na": "DDC OH15 Phase 4", "asset_type": "ROW Porous Concrete", "status": "90% Design Submitted", "asset_x_co": "984078.1673", "asset_y_co": "162400.4392", "borough": "Brooklyn", "sewer_type": "Combined", "outfall": "OH-015", "nyc_waters": "East River / Open Waters", "bbl": "3062720034.0", "secondary_": null, "community_": "311.0", "city_counc": "43.0", "assembly_d": "49.0", "asset_leng": "752.0", "asset_widt": "4.0", "asset_area": "3008.0", "gi_feature": null, "tree_latin": null, "tree_commo": null, "constructi": "GKOH15-04", "construc_1": "1", "program_ar": "Right of Way (ROW)", "status_gro": "Final Design", "constructe": null}, "geometry": {"type": "Point", "coordinates": [-74.00061889334263, 40.612428046355674]}}, {"type": "Feature", "properties": {"asset_id": "189301.0", "gi_id": "PP4005.2", "row_onsite": "ROW", "project_na": "DDC OH15 Phase 4", "asset_type": "ROW Porous Concrete", "status": "90% Design Submitted", "asset_x_co": "985960.5", "asset_y_co": "163613.19", "borough": "Brooklyn", "sewer_type": "Combined", "outfall": "OH-015", "nyc_waters": "East River / Open Waters", "bbl": "3061820029.0", "secondary_": null, "community_": "311.0", "city_counc": "43.0", "assembly_d": "49.0", "asset_leng": "430.0", "asset_widt": "4.0", "asset_area": "1720.0", "gi_feature": null, "tree_latin": null, "tree_commo": null, "constructi": "GKOH15-04", "construc_1": "1", "program_ar": "Right of Way (ROW)", "status_gro": "Final Design", "constructe": null}, "geometry": {"type": "Point", "coordinates": [-73.99383894962621, 40.61575663268163]}}, {"type": "Feature", "properties": {"asset_id": "183980.0", "gi_id": "IB10-1B", "row_onsite": "ROW", "project_na": "Gravesend", "asset_type": "ROW Infiltration Basin with Concrete Top", "status": "Constructed (Full Maintenance)", "asset_x_co": "990712.25", "asset_y_co": "160810.45", "borough": "Brooklyn", "sewer_type": "Combined", "outfall": "OH-021", "nyc_waters": "Coney Island Creek", "bbl": "3066290001.0", "secondary_": null, "community_": "311.0", "city_counc": "44.0", "assembly_d": "47.0", "asset_leng": "20.0", "asset_widt": "5.0", "asset_area": "100.0", "gi_feature": "Type C - SW Chamber", "tree_latin": "No Tree", "tree_commo": "N/A", "constructi": "GI-NYR-3", "construc_1": "1", "program_ar": "Right of Way (ROW)", "status_gro": "Constructed", "constructe": "2021/05/25 00:00:00.000"}, "geometry": {"type": "Point", "coordinates": [-73.97672630126293, 40.60806149774337]}}, {"type": "Feature", "properties": {"asset_id": "160100", "gi_id": "50A", "row_onsite": "ROW", "project_na": "Gravesend", "asset_type": "ROWB", "status": "Constructed (Full Maintenance)", "asset_x_co": "989768.26", "asset_y_co": "160023.46", "borough": "Brooklyn", "sewer_type": "Combined", "outfall": "OH-021", "nyc_waters": "Coney Island Creek", "bbl": "3066250043.0", "secondary_": null, "community_": "311.0", "city_counc": "43.0", "assembly_d": "47.0", "asset_leng": "13.0", "asset_widt": "5.5", "asset_area": "71.5", "gi_feature": "Type C - SW Chamber", "tree_latin": "No Tree", "tree_commo": "N/A", "constructi": "GI-NYR-3", "construc_1": "1", "program_ar": "Right of Way (ROW)", "status_gro": "Constructed", "constructe": "2021/05/25 00:00:00.000"}, "geometry": {"type": "Point", "coordinates": [-73.98012671007534, 40.60590200872911]}}, {"type": "Feature", "properties": {"asset_id": "189306.0", "gi_id": "PP4013-1", "row_onsite": "ROW", "project_na": "DDC OH15 Phase 4", "asset_type": "ROW Porous Concrete", "status": "90% Design Submitted", "asset_x_co": "985070.89", "asset_y_co": "163653.15", "borough": "Brooklyn", "sewer_type": "Combined", "outfall": "OH-015", "nyc_waters": "East River / Open Waters", "bbl": "3062040019.0", "secondary_": null, "community_": "311.0", "city_counc": "43.0", "assembly_d": "49.0", "asset_leng": "425.0", "asset_widt": "4.0", "asset_area": "1700", "gi_feature": null, "tree_latin": null, "tree_commo": null, "constructi": "GKOH15-04", "construc_1": "1", "program_ar": "Right of Way (ROW)", "status_gro": "Final Design", "constructe": null}, "geometry": {"type": "Point", "coordinates": [-73.99704323069746, 40.61586644230041]}}, {"type": "Feature", "properties": {"asset_id": "182489.0", "gi_id": "GS65A", "row_onsite": "ROW", "project_na": "Gravesend", "asset_type": "ROWGS", "status": "Constructed (Full Maintenance)", "asset_x_co": "991640.73", "asset_y_co": "160249.45", "borough": "Brooklyn", "sewer_type": "Combined", "outfall": "OH-021", "nyc_waters": "Coney Island Creek", "bbl": "3066570001.0", "secondary_": null, "community_": "311.0", "city_counc": "44.0", "assembly_d": "45.0", "asset_leng": "13.0", "asset_widt": "3.5", "asset_area": "45.5", "gi_feature": null, "tree_latin": "No Tree", "tree_commo": "N/A", "constructi": "GI-NYR-3", "construc_1": "1", "program_ar": "Right of Way (ROW)", "status_gro": "Constructed", "constructe": "2021/05/25 00:00:00.000"}, "geometry": {"type": "Point", "coordinates": [-73.97338300782782, 40.606520941327204]}}, {"type": "Feature", "properties": {"asset_id": "189460.0", "gi_id": "PP7096.1", "row_onsite": "ROW", "project_na": "DDC OH15 Phase 4", "asset_type": "ROW Porous Concrete", "status": "90% Design Submitted", "asset_x_co": "985629.366", "asset_y_co": "159511.7629", "borough": "Brooklyn", "sewer_type": "Combined", "outfall": "OH-015", "nyc_waters": "East River / Open Waters", "bbl": "3063340006.0", "secondary_": null, "community_": "311.0", "city_counc": "43.0", "assembly_d": "47.0", "asset_leng": "670.0", "asset_widt": "4.0", "asset_area": "2680.0", "gi_feature": null, "tree_latin": null, "tree_commo": null, "constructi": "GKOH15-04", "construc_1": "1", "program_ar": "Right of Way (ROW)", "status_gro": "Final Design", "constructe": null}, "geometry": {"type": "Point", "coordinates": [-73.99503249858329, 40.60449911618733]}}, {"type": "Feature", "properties": {"asset_id": "105103.0", "gi_id": "221B", "row_onsite": "ROW", "project_na": "OGI Design Area 1 (OH-007)", "asset_type": "ROWB", "status": "Constructed (Full Maintenance)", "asset_x_co": "990356.6122", "asset_y_co": "182211.1057", "borough": "Brooklyn", "sewer_type": "Combined", "outfall": "OH-007", "nyc_waters": "Gowanus Canal", "bbl": "3010890007.0", "secondary_": null, "community_": "306.0", "city_counc": "39.0", "assembly_d": "44.0", "asset_leng": "15.0", "asset_widt": "5.0", "asset_area": "75.0", "gi_feature": "Standard", "tree_latin": "Quercus bicolor", "tree_commo": "Swamp White Oak", "constructi": "GKRH34-02-GKOH07-02", "construc_1": "Stage-1", "program_ar": "Right of Way (ROW)", "status_gro": "Constructed", "constructe": "2016/09/15 00:00:00.000"}, "geometry": {"type": "Point", "coordinates": [-73.97798775744333, 40.66680198124844]}}, {"type": "Feature", "properties": {"asset_id": "186747.0", "gi_id": "Cropsey_Bay52-1", "row_onsite": "ROW", "project_na": "Cropsey Avenue, Bay 52nd, and Belt Parkway", "asset_type": "ROWSGS", "status": "Constructed", "asset_x_co": "987557.62967", "asset_y_co": "151925.77991", "borough": "Brooklyn", "sewer_type": "Non-combined", "outfall": "OH--73", "nyc_waters": "Coney Island Creek", "bbl": "3069490025.0", "secondary_": null, "community_": "313.0", "city_counc": "47.0", "assembly_d": "46.0", "asset_leng": "97.75", "asset_widt": "36.0", "asset_area": "3519.0", "gi_feature": "Standard", "tree_latin": "Liriodendron tulipifera 'Arnold'", "tree_commo": "Arnold Tulip Tree", "constructi": null, "construc_1": null, "program_ar": "External", "status_gro": "Constructed", "constructe": "2010/03/10 00:00:00.000"}, "geometry": {"type": "Point", "coordinates": [-73.98809197006062, 40.58367660788472]}}, {"type": "Feature", "properties": {"asset_id": "188791.0", "gi_id": "PP8064", "row_onsite": "ROW", "project_na": "DDC OH15 Phase 4", "asset_type": "ROW Porous Concrete", "status": "90% Design Submitted", "asset_x_co": "982376.1006", "asset_y_co": "159487.2438", "borough": "Brooklyn", "sewer_type": "Combined", "outfall": "OH-015", "nyc_waters": "East River / Open Waters", "bbl": "3064020009.0", "secondary_": null, "community_": "311.0", "city_counc": "38.0", "assembly_d": "47.0", "asset_leng": "452.0", "asset_widt": "4.0", "asset_area": "1808.0", "gi_feature": null, "tree_latin": null, "tree_commo": null, "constructi": "GKOH15-04", "construc_1": "1", "program_ar": "Right of Way (ROW)", "status_gro": "Final Design", "constructe": null}, "geometry": {"type": "Point", "coordinates": [-74.00674845469176, 40.604431724910775]}}, {"type": "Feature", "properties": {"asset_id": "158158.0", "gi_id": "A3", "row_onsite": "ROW", "project_na": "Flushing-Gowanus EBP 2010", "asset_type": "ROWB", "status": "Constructed (Full Maintenance)", "asset_x_co": "986571.5407", "asset_y_co": "185133.5571", "borough": "Brooklyn", "sewer_type": "Combined", "outfall": "OH-007", "nyc_waters": "Gowanus Canal", "bbl": "3009900001.0", "secondary_": null, "community_": "306.0", "city_counc": "39.0", "assembly_d": "52.0", "asset_leng": "19.5", "asset_widt": "4.5", "asset_area": "87.75", "gi_feature": "Standard", "tree_latin": "No Tree", "tree_commo": "N/A", "constructi": null, "construc_1": null, "program_ar": "Right of Way (ROW)", "status_gro": "Constructed", "constructe": "2014/05/01 00:00:00.000"}, "geometry": {"type": "Point", "coordinates": [-73.9916306355353, 40.674825257377094]}}, {"type": "Feature", "properties": {"asset_id": "189353.0", "gi_id": "PP5061", "row_onsite": "ROW", "project_na": "DDC OH15 Phase 4", "asset_type": "ROW Porous Concrete", "status": "90% Design Submitted", "asset_x_co": "982698.6081", "asset_y_co": "163493.3329", "borough": "Brooklyn", "sewer_type": "Combined", "outfall": "OH-015", "nyc_waters": "East River / Open Waters", "bbl": "3062690035.0", "secondary_": null, "community_": "311.0", "city_counc": "38.0", "assembly_d": "49.0", "asset_leng": "85.0", "asset_widt": "4.0", "asset_area": "340.0", "gi_feature": null, "tree_latin": null, "tree_commo": null, "constructi": "GKOH15-04", "construc_1": "1", "program_ar": "Right of Way (ROW)", "status_gro": "Final Design", "constructe": null}, "geometry": {"type": "Point", "coordinates": [-74.00558793190757, 40.615427679185366]}}, {"type": "Feature", "properties": {"asset_id": "189311.0", "gi_id": "PP4029", "row_onsite": "ROW", "project_na": "DDC OH15 Phase 4", "asset_type": "ROW Porous Concrete", "status": "90% Design Submitted", "asset_x_co": "985888.07", "asset_y_co": "163338.72", "borough": "Brooklyn", "sewer_type": "Combined", "outfall": "OH-015", "nyc_waters": "East River / Open Waters", "bbl": "3061940015.0", "secondary_": null, "community_": "311.0", "city_counc": "43.0", "assembly_d": "49.0", "asset_leng": "330.0", "asset_widt": "4.0", "asset_area": "1320.0", "gi_feature": null, "tree_latin": null, "tree_commo": null, "constructi": "GKOH15-04", "construc_1": "1", "program_ar": "Right of Way (ROW)", "status_gro": "Final Design", "constructe": null}, "geometry": {"type": "Point", "coordinates": [-73.99409990177507, 40.615003283206576]}}, {"type": "Feature", "properties": {"asset_id": "189368.0", "gi_id": "PP6030", "row_onsite": "ROW", "project_na": "DDC OH15 Phase 4", "asset_type": "ROW Porous Concrete", "status": "90% Design Submitted", "asset_x_co": "983352.006", "asset_y_co": "162937.402", "borough": "Brooklyn", "sewer_type": "Combined", "outfall": "OH-015", "nyc_waters": "East River / Open Waters", "bbl": "3062710001.0", "secondary_": null, "community_": "311.0", "city_counc": "38.0", "assembly_d": "49.0", "asset_leng": "170.0", "asset_widt": "4.0", "asset_area": "680.0", "gi_feature": null, "tree_latin": null, "tree_commo": null, "constructi": "GKOH15-04", "construc_1": "1", "program_ar": "Right of Way (ROW)", "status_gro": "Final Design", "constructe": null}, "geometry": {"type": "Point", "coordinates": [-74.00323439504876, 40.613901853862025]}}, {"type": "Feature", "properties": {"asset_id": "158159.0", "gi_id": "C4", "row_onsite": "ROW", "project_na": "Flushing-Gowanus EBP 2010", "asset_type": "ROWB", "status": "Constructed (Full Maintenance)", "asset_x_co": "986760.5823", "asset_y_co": "184779.3659", "borough": "Brooklyn", "sewer_type": "Combined", "outfall": "OH-007", "nyc_waters": "Gowanus Canal", "bbl": "3009900001.0", "secondary_": null, "community_": "306.0", "city_counc": "39.0", "assembly_d": "52.0", "asset_leng": "14.5", "asset_widt": "7.5", "asset_area": "108.75", "gi_feature": "Standard", "tree_latin": "No Tree", "tree_commo": "N/A", "constructi": null, "construc_1": null, "program_ar": "Right of Way (ROW)", "status_gro": "Constructed", "constructe": "2014/05/01 00:00:00.000"}, "geometry": {"type": "Point", "coordinates": [-73.99094925530001, 40.67385303144972]}}, {"type": "Feature", "properties": {"asset_id": "189406.0", "gi_id": "PP6109.2", "row_onsite": "ROW", "project_na": "DDC OH15 Phase 4", "asset_type": "ROW Porous Concrete", "status": "90% Design Submitted", "asset_x_co": "985760.7977", "asset_y_co": "160811.1547", "borough": "Brooklyn", "sewer_type": "Combined", "outfall": "OH-015", "nyc_waters": "East River / Open Waters", "bbl": "3062750006.0", "secondary_": null, "community_": "311.0", "city_counc": "43.0", "assembly_d": "47.0", "asset_leng": "170.0", "asset_widt": "4.0", "asset_area": "680.0", "gi_feature": null, "tree_latin": null, "tree_commo": null, "constructi": "GKOH15-04", "construc_1": "1", "program_ar": "Right of Way (ROW)", "status_gro": "Final Design", "constructe": null}, "geometry": {"type": "Point", "coordinates": [-73.99455888338052, 40.60806565961732]}}, {"type": "Feature", "properties": {"asset_id": "189445.0", "gi_id": "PP7071-1", "row_onsite": "ROW", "project_na": "DDC OH15 Phase 4", "asset_type": "ROW Porous Concrete", "status": "90% Design Submitted", "asset_x_co": "984264.037", "asset_y_co": "160300.6388", "borough": "Brooklyn", "sewer_type": "Combined", "outfall": "OH-015", "nyc_waters": "East River / Open Waters", "bbl": "3063320065.0", "secondary_": null, "community_": "311.0", "city_counc": "38.0", "assembly_d": "47.0", "asset_leng": "275.0", "asset_widt": "2.0", "asset_area": "550.0", "gi_feature": null, "tree_latin": null, "tree_commo": null, "constructi": "GKOH15-04", "construc_1": "1", "program_ar": "Right of Way (ROW)", "status_gro": "Final Design", "constructe": null}, "geometry": {"type": "Point", "coordinates": [-73.99994944688649, 40.60666452633491]}}, {"type": "Feature", "properties": {"asset_id": "189300", "gi_id": "PP4001-1", "row_onsite": "ROW", "project_na": "DDC OH15 Phase 4", "asset_type": "ROW Porous Concrete", "status": "90% Design Submitted", "asset_x_co": "985555.37", "asset_y_co": "164264.26", "borough": "Brooklyn", "sewer_type": "Combined", "outfall": "OH-015", "nyc_waters": "East River / Open Waters", "bbl": "3061710012.0", "secondary_": null, "community_": "311.0", "city_counc": "43.0", "assembly_d": "49.0", "asset_leng": "235.0", "asset_widt": "4.0", "asset_area": "940.0", "gi_feature": null, "tree_latin": null, "tree_commo": null, "constructi": "GKOH15-04", "construc_1": "1", "program_ar": "Right of Way (ROW)", "status_gro": "Final Design", "constructe": null}, "geometry": {"type": "Point", "coordinates": [-73.99529806088444, 40.61754375446919]}}, {"type": "Feature", "properties": {"asset_id": "189432.0", "gi_id": "PP7044.1", "row_onsite": "ROW", "project_na": "DDC OH15 Phase 4", "asset_type": "ROW Porous Concrete", "status": "90% Design Submitted", "asset_x_co": "984278.1365", "asset_y_co": "161246.7561", "borough": "Brooklyn", "sewer_type": "Combined", "outfall": "OH-015", "nyc_waters": "East River / Open Waters", "bbl": "3063150014.0", "secondary_": null, "community_": "311.0", "city_counc": "38.0", "assembly_d": "47.0", "asset_leng": "577.0", "asset_widt": "4.0", "asset_area": "2308.0", "gi_feature": null, "tree_latin": null, "tree_commo": null, "constructi": "GKOH15-04", "construc_1": "1", "program_ar": "Right of Way (ROW)", "status_gro": "Final Design", "constructe": null}, "geometry": {"type": "Point", "coordinates": [-73.99989866529168, 40.609261424263174]}}, {"type": "Feature", "properties": {"asset_id": "188789.0", "gi_id": "PP8054", "row_onsite": "ROW", "project_na": "DDC OH15 Phase 4", "asset_type": "ROW Porous Concrete", "status": "90% Design Submitted", "asset_x_co": "983530.3962", "asset_y_co": "159320.2433", "borough": "Brooklyn", "sewer_type": "Combined", "outfall": "OH-015", "nyc_waters": "East River / Open Waters", "bbl": "3063710053.0", "secondary_": null, "community_": "311.0", "city_counc": "38.0", "assembly_d": "47.0", "asset_leng": "864.0", "asset_widt": "2.0", "asset_area": "1728.0", "gi_feature": null, "tree_latin": null, "tree_commo": null, "constructi": "GKOH15-04", "construc_1": "1", "program_ar": "Right of Way (ROW)", "status_gro": "Final Design", "constructe": null}, "geometry": {"type": "Point", "coordinates": [-74.002591484203, 40.60397351196368]}}, {"type": "Feature", "properties": {"asset_id": "189408.0", "gi_id": "PP6111", "row_onsite": "ROW", "project_na": "DDC OH15 Phase 4", "asset_type": "ROW Porous Concrete", "status": "90% Design Submitted", "asset_x_co": "986455.3004", "asset_y_co": "160553.7596", "borough": "Brooklyn", "sewer_type": "Combined", "outfall": "OH-015", "nyc_waters": "East River / Open Waters", "bbl": "3062630060.0", "secondary_": null, "community_": "311.0", "city_counc": "43.0", "assembly_d": "47.0", "asset_leng": "670.0", "asset_widt": "2.0", "asset_area": "1340.0", "gi_feature": null, "tree_latin": null, "tree_commo": null, "constructi": "GKOH15-04", "construc_1": "1", "program_ar": "Right of Way (ROW)", "status_gro": "Final Design", "constructe": null}, "geometry": {"type": "Point", "coordinates": [-73.99205772650332, 40.60735901699229]}}, {"type": "Feature", "properties": {"asset_id": "183488.0", "gi_id": "GS49A", "row_onsite": "ROW", "project_na": "Gravesend", "asset_type": "ROWGS", "status": "Constructed (Full Maintenance)", "asset_x_co": "992958.2768", "asset_y_co": "160578.8115", "borough": "Brooklyn", "sewer_type": "Combined", "outfall": "OH-021", "nyc_waters": "Coney Island Creek", "bbl": "3066370055.0", "secondary_": null, "community_": "315.0", "city_counc": "44.0", "assembly_d": "45.0", "asset_leng": "11.0", "asset_widt": "3.5", "asset_area": "38.5", "gi_feature": null, "tree_latin": "No Tree", "tree_commo": "N/A", "constructi": "GI-NYR-3", "construc_1": "1", "program_ar": "Right of Way (ROW)", "status_gro": "Constructed", "constructe": "2021/05/25 00:00:00.000"}, "geometry": {"type": "Point", "coordinates": [-73.96863756701005, 40.60742377453849]}}, {"type": "Feature", "properties": {"asset_id": "160118.0", "gi_id": "61A", "row_onsite": "ROW", "project_na": "Gravesend", "asset_type": "ROWB", "status": "Constructed (Full Maintenance)", "asset_x_co": "991211.0669", "asset_y_co": "160187.0452", "borough": "Brooklyn", "sewer_type": "Combined", "outfall": "OH-021", "nyc_waters": "Coney Island Creek", "bbl": "3066550006.0", "secondary_": null, "community_": "311.0", "city_counc": "44.0", "assembly_d": "47.0", "asset_leng": "13.0", "asset_widt": "4.5", "asset_area": "58.5", "gi_feature": "Standard", "tree_latin": "No Tree", "tree_commo": "N/A", "constructi": "GI-NYR-3", "construc_1": "1", "program_ar": "Right of Way (ROW)", "status_gro": "Constructed", "constructe": "2021/05/25 00:00:00.000"}, "geometry": {"type": "Point", "coordinates": [-73.9749304620526, 40.606350001035025]}}, {"type": "Feature", "properties": {"asset_id": "189336.0", "gi_id": "PP4085", "row_onsite": "ROW", "project_na": "DDC OH15 Phase 4", "asset_type": "ROW Porous Concrete", "status": "90% Design Submitted", "asset_x_co": "988041.59", "asset_y_co": "161299.68", "borough": "Brooklyn", "sewer_type": "Combined", "outfall": "OH-015", "nyc_waters": "East River / Open Waters", "bbl": "3062080004.0", "secondary_": null, "community_": "311.0", "city_counc": "43.0", "assembly_d": "47.0", "asset_leng": "670.0", "asset_widt": "4.0", "asset_area": "2680.0", "gi_feature": null, "tree_latin": null, "tree_commo": null, "constructi": "GKOH15-04", "construc_1": "1", "program_ar": "Right of Way (ROW)", "status_gro": "Final Design", "constructe": null}, "geometry": {"type": "Point", "coordinates": [-73.98634436951485, 40.609405878932264]}}, {"type": "Feature", "properties": {"asset_id": "183976.0", "gi_id": "IB8B", "row_onsite": "ROW", "project_na": "Gravesend", "asset_type": "ROW Infiltration Basin with Concrete Top", "status": "Constructed (Full Maintenance)", "asset_x_co": "990536.65", "asset_y_co": "160208.4", "borough": "Brooklyn", "sewer_type": "Combined", "outfall": "OH-021", "nyc_waters": "Coney Island Creek", "bbl": "3066280047.0", "secondary_": null, "community_": "311.0", "city_counc": "44.0", "assembly_d": "47.0", "asset_leng": "20.0", "asset_widt": "5.0", "asset_area": "100.0", "gi_feature": "Type C - SW Chamber", "tree_latin": "No Tree", "tree_commo": "N/A", "constructi": "GI-NYR-3", "construc_1": "1", "program_ar": "Right of Way (ROW)", "status_gro": "Constructed", "constructe": "2021/05/25 00:00:00.000"}, "geometry": {"type": "Point", "coordinates": [-73.97735928146854, 40.60640912010557]}}, {"type": "Feature", "properties": {"asset_id": "188809.0", "gi_id": "PP8131", "row_onsite": "ROW", "project_na": "DDC OH15 Phase 4", "asset_type": "ROW Porous Concrete", "status": "90% Design Submitted", "asset_x_co": "984670.7523", "asset_y_co": "158663.7668", "borough": "Brooklyn", "sewer_type": "Combined", "outfall": "OH-015", "nyc_waters": "East River / Open Waters", "bbl": "3063760075.0", "secondary_": null, "community_": "311.0", "city_counc": "43.0", "assembly_d": "47.0", "asset_leng": "275.0", "asset_widt": "2.0", "asset_area": "550.0", "gi_feature": null, "tree_latin": null, "tree_commo": null, "constructi": "GKOH15-04", "construc_1": "1", "program_ar": "Right of Way (ROW)", "status_gro": "Final Design", "constructe": null}, "geometry": {"type": "Point", "coordinates": [-73.99848479995575, 40.60217163619997]}}, {"type": "Feature", "properties": {"asset_id": "160064.0", "gi_id": "11A", "row_onsite": "ROW", "project_na": "Gravesend", "asset_type": "ROWB", "status": "Constructed (Full Maintenance)", "asset_x_co": "991134.78", "asset_y_co": "161027.4", "borough": "Brooklyn", "sewer_type": "Combined", "outfall": "OH-021", "nyc_waters": "Coney Island Creek", "bbl": "3066050032.0", "secondary_": null, "community_": "311.0", "city_counc": "44.0", "assembly_d": "47.0", "asset_leng": "10.0", "asset_widt": "5.5", "asset_area": "55.0", "gi_feature": "Standard", "tree_latin": "No Tree", "tree_commo": "N/A", "constructi": "GI-NYR-3", "construc_1": "1", "program_ar": "Right of Way (ROW)", "status_gro": "Constructed", "constructe": "2021/05/25 00:00:00.000"}, "geometry": {"type": "Point", "coordinates": [-73.97520434454977, 40.60865666287607]}}, {"type": "Feature", "properties": {"asset_id": "160050.0", "gi_id": "2B", "row_onsite": "ROW", "project_na": "Gravesend", "asset_type": "ROWB", "status": "Constructed (Full Maintenance)", "asset_x_co": "989819.84", "asset_y_co": "160775.56", "borough": "Brooklyn", "sewer_type": "Combined", "outfall": "OH-021", "nyc_waters": "Coney Island Creek", "bbl": "3066250008.0", "secondary_": null, "community_": "311.0", "city_counc": "43.0", "assembly_d": "47.0", "asset_leng": "13.0", "asset_widt": "5.0", "asset_area": "65.0", "gi_feature": "Type C - SW Chamber", "tree_latin": "No Tree", "tree_commo": "N/A", "constructi": "GI-NYR-3", "construc_1": "1", "program_ar": "Right of Way (ROW)", "status_gro": "Constructed", "constructe": "2021/05/25 00:00:00.000"}, "geometry": {"type": "Point", "coordinates": [-73.97994033139072, 40.60796633764714]}}, {"type": "Feature", "properties": {"asset_id": "170927.0", "gi_id": "PGRI-18GR", "row_onsite": "Onsite", "project_na": "Prospect Park Shops", "asset_type": "Green Roof", "status": "Constructed", "asset_x_co": "991634.0", "asset_y_co": "181550.0", "borough": "Brooklyn", "sewer_type": "Combined", "outfall": "OH-015", "nyc_waters": "East River / Open Waters", "bbl": "3011170001.0", "secondary_": null, "community_": "355.0", "city_counc": "39.0", "assembly_d": "44.0", "asset_leng": "0.0", "asset_widt": "0.0", "asset_area": "4000", "gi_feature": null, "tree_latin": null, "tree_commo": null, "constructi": null, "construc_1": null, "program_ar": "Public Onsite", "status_gro": "Constructed", "constructe": "2019/02/17 00:00:00.000"}, "geometry": {"type": "Point", "coordinates": [-73.97338393658386, 40.664986420025706]}}, {"type": "Feature", "properties": {"asset_id": "189449.0", "gi_id": "PP7080", "row_onsite": "ROW", "project_na": "DDC OH15 Phase 4", "asset_type": "ROW Porous Concrete", "status": "90% Design Submitted", "asset_x_co": "984342.115", "asset_y_co": "160276.8113", "borough": "Brooklyn", "sewer_type": "Combined", "outfall": "OH-015", "nyc_waters": "East River / Open Waters", "bbl": "3063330001.0", "secondary_": null, "community_": "311.0", "city_counc": "38.0", "assembly_d": "47.0", "asset_leng": "170.0", "asset_widt": "4.0", "asset_area": "680.0", "gi_feature": null, "tree_latin": null, "tree_commo": null, "constructi": "GKOH15-04", "construc_1": "1", "program_ar": "Right of Way (ROW)", "status_gro": "Final Design", "constructe": null}, "geometry": {"type": "Point", "coordinates": [-73.9996682565789, 40.6065991245797]}}, {"type": "Feature", "properties": {"asset_id": "188802.0", "gi_id": "PP8115", "row_onsite": "ROW", "project_na": "DDC OH15 Phase 4", "asset_type": "ROW Porous Concrete", "status": "90% Design Submitted", "asset_x_co": "983427.0185", "asset_y_co": "158756.21", "borough": "Brooklyn", "sewer_type": "Combined", "outfall": "OH-015", "nyc_waters": "East River / Open Waters", "bbl": "3064060037.0", "secondary_": null, "community_": "311.0", "city_counc": "38.0", "assembly_d": "47.0", "asset_leng": "432.0", "asset_widt": "2.0", "asset_area": "864.0", "gi_feature": null, "tree_latin": null, "tree_commo": null, "constructi": "GKOH15-04", "construc_1": "1", "program_ar": "Right of Way (ROW)", "status_gro": "Final Design", "constructe": null}, "geometry": {"type": "Point", "coordinates": [-74.00296370612469, 40.60242534627694]}}, {"type": "Feature", "properties": {"asset_id": "189315.0", "gi_id": "PP4039", "row_onsite": "ROW", "project_na": "DDC OH15 Phase 4", "asset_type": "ROW Porous Concrete", "status": "90% Design Submitted", "asset_x_co": "986733.78", "asset_y_co": "163293.33", "borough": "Brooklyn", "sewer_type": "Combined", "outfall": "OH-015", "nyc_waters": "East River / Open Waters", "bbl": "3061730007.0", "secondary_": null, "community_": "311.0", "city_counc": "43.0", "assembly_d": "49.0", "asset_leng": "170.0", "asset_widt": "4.0", "asset_area": "680.0", "gi_feature": null, "tree_latin": null, "tree_commo": null, "constructi": "GKOH15-04", "construc_1": "1", "program_ar": "Right of Way (ROW)", "status_gro": "Final Design", "constructe": null}, "geometry": {"type": "Point", "coordinates": [-73.99105378863476, 40.614878500326434]}}, {"type": "Feature", "properties": {"asset_id": "104921.0", "gi_id": "67F", "row_onsite": "ROW", "project_na": "OGI Design Area 1 (OH-007)", "asset_type": "ROWB", "status": "Constructed (Full Maintenance)", "asset_x_co": "991066.1441", "asset_y_co": "183642.9604", "borough": "Brooklyn", "sewer_type": "Combined", "outfall": "OH-007", "nyc_waters": "Gowanus Canal", "bbl": "3010740042.0", "secondary_": null, "community_": "306.0", "city_counc": "39.0", "assembly_d": "52.0", "asset_leng": "15.0", "asset_widt": "5.0", "asset_area": "75.0", "gi_feature": "Type A - Stone Columns", "tree_latin": "No Tree", "tree_commo": "N/A", "constructi": "GKRH34-02-GKOH07-02", "construc_1": "Stage-1", "program_ar": "Right of Way (ROW)", "status_gro": "Constructed", "constructe": "2016/09/15 00:00:00.000"}, "geometry": {"type": "Point", "coordinates": [-73.975428690091, 40.670731585136586]}}, {"type": "Feature", "properties": {"asset_id": "188403.0", "gi_id": "DW1", "row_onsite": "Onsite", "project_na": "Leif Ericson Park - Comfort Station Construction", "asset_type": "Drywell", "status": "Constructed", "asset_x_co": "980670.0", "asset_y_co": "169359.0", "borough": "Brooklyn", "sewer_type": "Combined", "outfall": "OH-002", "nyc_waters": "East River / Open Waters", "bbl": "3057560001.0", "secondary_": null, "community_": "310.0", "city_counc": "38.0", "assembly_d": "49.0", "asset_leng": "0.0", "asset_widt": "0.0", "asset_area": "12.56", "gi_feature": null, "tree_latin": null, "tree_commo": null, "constructi": null, "construc_1": null, "program_ar": "External", "status_gro": "Constructed", "constructe": "2016/05/01 00:00:00.000"}, "geometry": {"type": "Point", "coordinates": [-74.01289785147523, 40.6315271207499]}}, {"type": "Feature", "properties": {"asset_id": "189304.0", "gi_id": "PP4009-1", "row_onsite": "ROW", "project_na": "DDC OH15 Phase 4", "asset_type": "ROW Porous Concrete", "status": "90% Design Submitted", "asset_x_co": "985232.9", "asset_y_co": "163857.51", "borough": "Brooklyn", "sewer_type": "Combined", "outfall": "OH-015", "nyc_waters": "East River / Open Waters", "bbl": "3061930019.0", "secondary_": null, "community_": "311.0", "city_counc": "43.0", "assembly_d": "49.0", "asset_leng": "405.0", "asset_widt": "4.0", "asset_area": "1620.0", "gi_feature": null, "tree_latin": null, "tree_commo": null, "constructi": "GKOH15-04", "construc_1": "1", "program_ar": "Right of Way (ROW)", "status_gro": "Final Design", "constructe": null}, "geometry": {"type": "Point", "coordinates": [-73.99645965663034, 40.61642735121749]}}, {"type": "Feature", "properties": {"asset_id": "189468.0", "gi_id": "PP8034-1", "row_onsite": "ROW", "project_na": "DDC OH15 Phase 4", "asset_type": "ROW Porous Concrete", "status": "90% Design Submitted", "asset_x_co": "984180.6585", "asset_y_co": "160073.0638", "borough": "Brooklyn", "sewer_type": "Combined", "outfall": "OH-015", "nyc_waters": "East River / Open Waters", "bbl": "3063450001.0", "secondary_": null, "community_": "311.0", "city_counc": "38.0", "assembly_d": "47.0", "asset_leng": "31.0", "asset_widt": "4.0", "asset_area": "124.0", "gi_feature": null, "tree_latin": null, "tree_commo": null, "constructi": "GKOH15-04", "construc_1": "1", "program_ar": "Right of Way (ROW)", "status_gro": "Final Design", "constructe": null}, "geometry": {"type": "Point", "coordinates": [-74.00024972450795, 40.60603987919334]}}, {"type": "Feature", "properties": {"asset_id": "104889.0", "gi_id": "OH-007_SGS-5", "row_onsite": "ROW", "project_na": "OGI Design Area 1 (OH-007)", "asset_type": "ROWSGS", "status": "Constructed (Full Maintenance)", "asset_x_co": "989618.6975", "asset_y_co": "185429.073", "borough": "Brooklyn", "sewer_type": "Combined", "outfall": "OH-007", "nyc_waters": "Gowanus Canal", "bbl": "3009590011.0", "secondary_": null, "community_": "306.0", "city_counc": "39.0", "assembly_d": "52.0", "asset_leng": "25.0", "asset_widt": "6.0", "asset_area": "150.0", "gi_feature": "Standard", "tree_latin": "No Tree", "tree_commo": "N/A", "constructi": "GKRH34-02-GKOH07-02", "construc_1": "Stage-1", "program_ar": "Right of Way (ROW)", "status_gro": "Constructed", "constructe": "2016/09/15 00:00:00.000"}, "geometry": {"type": "Point", "coordinates": [-73.98064512321402, 40.67563505907254]}}, {"type": "Feature", "properties": {"asset_id": "183950.0", "gi_id": "K238-01RGa", "row_onsite": "Onsite", "project_na": "K238 - P.S. 238", "asset_type": "Rain Garden", "status": "Constructed (In Guarantee)", "asset_x_co": "994194.122", "asset_y_co": "160964.5461", "borough": "Brooklyn", "sewer_type": "MS4", "outfall": "OH-021", "nyc_waters": "Coney Island Creek", "bbl": "3066400013.0", "secondary_": null, "community_": "315.0", "city_counc": "44.0", "assembly_d": "45.0", "asset_leng": "50.0", "asset_widt": "10.75", "asset_area": "538.0", "gi_feature": null, "tree_latin": null, "tree_commo": null, "constructi": null, "construc_1": null, "program_ar": "Public Onsite", "status_gro": "Constructed", "constructe": "2023/08/06 00:00:00.000"}, "geometry": {"type": "Point", "coordinates": [-73.96418616314008, 40.60848123679536]}}, {"type": "Feature", "properties": {"asset_id": "189413.0", "gi_id": "PP6118-1", "row_onsite": "ROW", "project_na": "DDC OH15 Phase 4", "asset_type": "ROW Porous Concrete", "status": "90% Design Submitted", "asset_x_co": "986703.0027", "asset_y_co": "160689.1763", "borough": "Brooklyn", "sewer_type": "Combined", "outfall": "OH-015", "nyc_waters": "East River / Open Waters", "bbl": "3062520070.0", "secondary_": null, "community_": "311.0", "city_counc": "43.0", "assembly_d": "47.0", "asset_leng": "555.0", "asset_widt": "4.0", "asset_area": "2220.0", "gi_feature": null, "tree_latin": null, "tree_commo": null, "constructi": "GKOH15-04", "construc_1": "1", "program_ar": "Right of Way (ROW)", "status_gro": "Final Design", "constructe": null}, "geometry": {"type": "Point", "coordinates": [-73.99116559063671, 40.60773064307425]}}, {"type": "Feature", "properties": {"asset_id": "189340.0", "gi_id": "PP5007.1", "row_onsite": "ROW", "project_na": "DDC OH15 Phase 4", "asset_type": "ROW Porous Concrete", "status": "90% Design Submitted", "asset_x_co": "981026.8", "asset_y_co": "165150.44", "borough": "Brooklyn", "sewer_type": "Combined", "outfall": "OH-015", "nyc_waters": "East River / Open Waters", "bbl": "3062540010.0", "secondary_": null, "community_": "310.0", "city_counc": "38.0", "assembly_d": "46.0", "asset_leng": "670.0", "asset_widt": "4.0", "asset_area": "2680.0", "gi_feature": null, "tree_latin": null, "tree_commo": null, "constructi": "GKOH15-04", "construc_1": "1", "program_ar": "Right of Way (ROW)", "status_gro": "Final Design", "constructe": null}, "geometry": {"type": "Point", "coordinates": [-74.0116103795025, 40.619975644226265]}}, {"type": "Feature", "properties": {"asset_id": "189376.0", "gi_id": "PP6059", "row_onsite": "ROW", "project_na": "DDC OH15 Phase 4", "asset_type": "ROW Porous Concrete", "status": "90% Design Submitted", "asset_x_co": "985555.7664", "asset_y_co": "161930.2811", "borough": "Brooklyn", "sewer_type": "Combined", "outfall": "OH-015", "nyc_waters": "East River / Open Waters", "bbl": "3062380051.0", "secondary_": null, "community_": "311.0", "city_counc": "43.0", "assembly_d": "49.0", "asset_leng": "266.0", "asset_widt": "2.0", "asset_area": "532.0", "gi_feature": null, "tree_latin": null, "tree_commo": null, "constructi": "GKOH15-04", "construc_1": "1", "program_ar": "Right of Way (ROW)", "status_gro": "Final Design", "constructe": null}, "geometry": {"type": "Point", "coordinates": [-73.99529708467794, 40.611137464388875]}}, {"type": "Feature", "properties": {"asset_id": "160150.0", "gi_id": "127A", "row_onsite": "ROW", "project_na": "Gravesend", "asset_type": "ROWB", "status": "Constructed (Full Maintenance)", "asset_x_co": "991777.1325", "asset_y_co": "159404.0457", "borough": "Brooklyn", "sewer_type": "Combined", "outfall": "OH-021", "nyc_waters": "Coney Island Creek", "bbl": "3066800001.0", "secondary_": null, "community_": "311.0", "city_counc": "44.0", "assembly_d": "45.0", "asset_leng": "12.0", "asset_widt": "6.0", "asset_area": "72.0", "gi_feature": "Standard", "tree_latin": "No Tree", "tree_commo": "N/A", "constructi": "GI-NYR-3", "construc_1": "1", "program_ar": "Right of Way (ROW)", "status_gro": "Constructed", "constructe": "2021/05/25 00:00:00.000"}, "geometry": {"type": "Point", "coordinates": [-73.97289270933962, 40.60420036476556]}}, {"type": "Feature", "properties": {"asset_id": "188799.0", "gi_id": "PP8108", "row_onsite": "ROW", "project_na": "DDC OH15 Phase 4", "asset_type": "ROW Porous Concrete", "status": "90% Design Submitted", "asset_x_co": "985003.5773", "asset_y_co": "159083.3406", "borough": "Brooklyn", "sewer_type": "Combined", "outfall": "OH-015", "nyc_waters": "East River / Open Waters", "bbl": "3063760055.0", "secondary_": null, "community_": "311.0", "city_counc": "43.0", "assembly_d": "47.0", "asset_leng": "261.0", "asset_widt": "2.0", "asset_area": "522.0", "gi_feature": null, "tree_latin": null, "tree_commo": null, "constructi": "GKOH15-04", "construc_1": "1", "program_ar": "Right of Way (ROW)", "status_gro": "Final Design", "constructe": null}, "geometry": {"type": "Point", "coordinates": [-73.99728619525527, 40.60332325935128]}}, {"type": "Feature", "properties": {"asset_id": "188792.0", "gi_id": "PP8070.1", "row_onsite": "ROW", "project_na": "DDC OH15 Phase 4", "asset_type": "ROW Porous Concrete", "status": "90% Design Submitted", "asset_x_co": "981773.3464", "asset_y_co": "159179.2052", "borough": "Brooklyn", "sewer_type": "Combined", "outfall": "OH-015", "nyc_waters": "East River / Open Waters", "bbl": "3064330051.0", "secondary_": null, "community_": "311.0", "city_counc": "47.0", "assembly_d": "47.0", "asset_leng": "506.0", "asset_widt": "2.0", "asset_area": "1012.0", "gi_feature": null, "tree_latin": null, "tree_commo": null, "constructi": "GKOH15-04", "construc_1": "1", "program_ar": "Right of Way (ROW)", "status_gro": "Final Design", "constructe": null}, "geometry": {"type": "Point", "coordinates": [-74.00891903359229, 40.60358607423073]}}, {"type": "Feature", "properties": {"asset_id": "189398.0", "gi_id": "PP6094-1", "row_onsite": "ROW", "project_na": "DDC OH15 Phase 4", "asset_type": "ROW Porous Concrete", "status": "90% Design Submitted", "asset_x_co": "985300.5847", "asset_y_co": "161431.2607", "borough": "Brooklyn", "sewer_type": "Combined", "outfall": "OH-015", "nyc_waters": "East River / Open Waters", "bbl": "3062740019.0", "secondary_": null, "community_": "311.0", "city_counc": "43.0", "assembly_d": "49.0", "asset_leng": "315.0", "asset_widt": "4.0", "asset_area": "1260.0", "gi_feature": null, "tree_latin": null, "tree_commo": null, "constructi": "GKOH15-04", "construc_1": "1", "program_ar": "Right of Way (ROW)", "status_gro": "Final Design", "constructe": null}, "geometry": {"type": "Point", "coordinates": [-73.99621623737657, 40.609767790060545]}}, {"type": "Feature", "properties": {"asset_id": "105014.0", "gi_id": "164C", "row_onsite": "ROW", "project_na": "OGI Design Area 1 (OH-007)", "asset_type": "ROWB", "status": "Constructed (Full Maintenance)", "asset_x_co": "990243.6705", "asset_y_co": "182935.0042", "borough": "Brooklyn", "sewer_type": "Combined", "outfall": "OH-007", "nyc_waters": "Gowanus Canal", "bbl": "3010820001.0", "secondary_": null, "community_": "306.0", "city_counc": "39.0", "assembly_d": "44.0", "asset_leng": "10.0", "asset_widt": "5.0", "asset_area": "50.0", "gi_feature": "Standard", "tree_latin": "No Tree", "tree_commo": "N/A", "constructi": "GKRH34-02-GKOH07-02", "construc_1": "Stage-1", "program_ar": "Right of Way (ROW)", "status_gro": "Constructed", "constructe": "2016/09/15 00:00:00.000"}, "geometry": {"type": "Point", "coordinates": [-73.97839422992863, 40.66878899845338]}}, {"type": "Feature", "properties": {"asset_id": "189393.0", "gi_id": "PP6092", "row_onsite": "ROW", "project_na": "DDC OH15 Phase 4", "asset_type": "ROW Porous Concrete", "status": "90% Design Submitted", "asset_x_co": "985255.2007", "asset_y_co": "161428.8416", "borough": "Brooklyn", "sewer_type": "Combined", "outfall": "OH-015", "nyc_waters": "East River / Open Waters", "bbl": "3062740001.0", "secondary_": null, "community_": "311.0", "city_counc": "43.0", "assembly_d": "49.0", "asset_leng": "90.0", "asset_widt": "4.0", "asset_area": "360.0", "gi_feature": null, "tree_latin": null, "tree_commo": null, "constructi": "GKOH15-04", "construc_1": "1", "program_ar": "Right of Way (ROW)", "status_gro": "Final Design", "constructe": null}, "geometry": {"type": "Point", "coordinates": [-73.99637969207143, 40.60976115488033]}}, {"type": "Feature", "properties": {"asset_id": "189361.0", "gi_id": "PP5079", "row_onsite": "ROW", "project_na": "DDC OH15 Phase 4", "asset_type": "ROW Porous Concrete", "status": "90% Design Submitted", "asset_x_co": "982537.35", "asset_y_co": "163289.89", "borough": "Brooklyn", "sewer_type": "Combined", "outfall": "OH-015", "nyc_waters": "East River / Open Waters", "bbl": "3062810028.0", "secondary_": null, "community_": "311.0", "city_counc": "38.0", "assembly_d": "49.0", "asset_leng": "304.0", "asset_widt": "4.0", "asset_area": "1216.0", "gi_feature": null, "tree_latin": null, "tree_commo": null, "constructi": "GKOH15-04", "construc_1": "1", "program_ar": "Right of Way (ROW)", "status_gro": "Final Design", "constructe": null}, "geometry": {"type": "Point", "coordinates": [-74.00616871346996, 40.61486924097381]}}, {"type": "Feature", "properties": {"asset_id": "189360.0", "gi_id": "PP5077-1", "row_onsite": "ROW", "project_na": "DDC OH15 Phase 4", "asset_type": "ROW Porous Concrete", "status": "90% Design Submitted", "asset_x_co": "981806.23", "asset_y_co": "163498.07", "borough": "Brooklyn", "sewer_type": "Combined", "outfall": "OH-015", "nyc_waters": "East River / Open Waters", "bbl": "3062930009.0", "secondary_": null, "community_": "311.0", "city_counc": "47.0", "assembly_d": "49.0", "asset_leng": "119.0", "asset_widt": "2.0", "asset_area": "238.0", "gi_feature": null, "tree_latin": null, "tree_commo": null, "constructi": "GKOH15-04", "construc_1": "1", "program_ar": "Right of Way (ROW)", "status_gro": "Final Design", "constructe": null}, "geometry": {"type": "Point", "coordinates": [-74.00880217508094, 40.61544048061823]}}, {"type": "Feature", "properties": {"asset_id": "189385.0", "gi_id": "PP6075.1", "row_onsite": "ROW", "project_na": "DDC OH15 Phase 4", "asset_type": "ROW Porous Concrete", "status": "90% Design Submitted", "asset_x_co": "985473.3894", "asset_y_co": "161702.5012", "borough": "Brooklyn", "sewer_type": "Combined", "outfall": "OH-015", "nyc_waters": "East River / Open Waters", "bbl": "3062500010.0", "secondary_": null, "community_": "311.0", "city_counc": "43.0", "assembly_d": "49.0", "asset_leng": "158.0", "asset_widt": "4.0", "asset_area": "632.0", "gi_feature": null, "tree_latin": null, "tree_commo": null, "constructi": "GKOH15-04", "construc_1": "1", "program_ar": "Right of Way (ROW)", "status_gro": "Final Design", "constructe": null}, "geometry": {"type": "Point", "coordinates": [-73.99559381965027, 40.61051226671972]}}, {"type": "Feature", "properties": {"asset_id": "188428.0", "gi_id": "WDSGR", "row_onsite": "Onsite", "project_na": "Windsor Terrace Public Library", "asset_type": "Green Roof", "status": "Constructed", "asset_x_co": "990693.513", "asset_y_co": "175565.444", "borough": "Brooklyn", "sewer_type": "Combined", "outfall": "OH-015", "nyc_waters": "East River / Open Waters", "bbl": "3053180010.0", "secondary_": null, "community_": "307.0", "city_counc": "39.0", "assembly_d": "44.0", "asset_leng": "0.0", "asset_widt": "0.0", "asset_area": "5470.0", "gi_feature": null, "tree_latin": null, "tree_commo": null, "constructi": null, "construc_1": null, "program_ar": "Public Onsite", "status_gro": "Constructed", "constructe": "2016/09/01 00:00:00.000"}, "geometry": {"type": "Point", "coordinates": [-73.97677969537132, 40.64856086009503]}}, {"type": "Feature", "properties": {"asset_id": "189463.0", "gi_id": "PP7097", "row_onsite": "ROW", "project_na": "DDC OH15 Phase 4", "asset_type": "ROW Porous Concrete", "status": "90% Design Submitted", "asset_x_co": "986582.0809", "asset_y_co": "159458.02", "borough": "Brooklyn", "sewer_type": "Combined", "outfall": "OH-015", "nyc_waters": "East River / Open Waters", "bbl": "3062990056.0", "secondary_": null, "community_": "311.0", "city_counc": "43.0", "assembly_d": "47.0", "asset_leng": "540.0", "asset_widt": "2.0", "asset_area": "1080.0", "gi_feature": null, "tree_latin": null, "tree_commo": null, "constructi": "GKOH15-04", "construc_1": "1", "program_ar": "Right of Way (ROW)", "status_gro": "Final Design", "constructe": null}, "geometry": {"type": "Point", "coordinates": [-73.99160151123158, 40.60435140309426]}}, {"type": "Feature", "properties": {"asset_id": "189399.0", "gi_id": "PP6096", "row_onsite": "ROW", "project_na": "DDC OH15 Phase 4", "asset_type": "ROW Porous Concrete", "status": "90% Design Submitted", "asset_x_co": "986759.8737", "asset_y_co": "160938.0084", "borough": "Brooklyn", "sewer_type": "Combined", "outfall": "OH-015", "nyc_waters": "East River / Open Waters", "bbl": "3062510010.0", "secondary_": null, "community_": "311.0", "city_counc": "43.0", "assembly_d": "49.0", "asset_leng": "670.0", "asset_widt": "4.0", "asset_area": "2680.0", "gi_feature": null, "tree_latin": null, "tree_commo": null, "constructi": "GKOH15-04", "construc_1": "1", "program_ar": "Right of Way (ROW)", "status_gro": "Final Design", "constructe": null}, "geometry": {"type": "Point", "coordinates": [-73.99096067928339, 40.60841362051127]}}, {"type": "Feature", "properties": {"asset_id": "189409.0", "gi_id": "PP6113", "row_onsite": "ROW", "project_na": "DDC OH15 Phase 4", "asset_type": "ROW Porous Concrete", "status": "90% Design Submitted", "asset_x_co": "986695.98", "asset_y_co": "160733.43", "borough": "Brooklyn", "sewer_type": "Combined", "outfall": "OH-015", "nyc_waters": "East River / Open Waters", "bbl": "3062520008.0", "secondary_": null, "community_": "311.0", "city_counc": "43.0", "assembly_d": "47.0", "asset_leng": "170.0", "asset_widt": "4.0", "asset_area": "680.0", "gi_feature": null, "tree_latin": null, "tree_commo": null, "constructi": "GKOH15-04", "construc_1": "1", "program_ar": "Right of Way (ROW)", "status_gro": "Final Design", "constructe": null}, "geometry": {"type": "Point", "coordinates": [-73.99119086636041, 40.60785211186767]}}, {"type": "Feature", "properties": {"asset_id": "189350.0", "gi_id": "PP5052.1", "row_onsite": "ROW", "project_na": "DDC OH15 Phase 4", "asset_type": "ROW Porous Concrete", "status": "90% Design Submitted", "asset_x_co": "982184.7", "asset_y_co": "163977.46", "borough": "Brooklyn", "sewer_type": "Combined", "outfall": "OH-015", "nyc_waters": "East River / Open Waters", "bbl": "3062570009.0", "secondary_": null, "community_": "311.0", "city_counc": "38.0", "assembly_d": "49.0", "asset_leng": "170.0", "asset_widt": "4.0", "asset_area": "680.0", "gi_feature": null, "tree_latin": null, "tree_commo": null, "constructi": "GKOH15-04", "construc_1": "1", "program_ar": "Right of Way (ROW)", "status_gro": "Final Design", "constructe": null}, "geometry": {"type": "Point", "coordinates": [-74.00743911671749, 40.61675640352473]}}, {"type": "Feature", "properties": {"asset_id": "189438.0", "gi_id": "PP7064.1", "row_onsite": "ROW", "project_na": "DDC OH15 Phase 4", "asset_type": "ROW Porous Concrete", "status": "90% Design Submitted", "asset_x_co": "985341.1836", "asset_y_co": "160403.8784", "borough": "Brooklyn", "sewer_type": "Combined", "outfall": "OH-015", "nyc_waters": "East River / Open Waters", "bbl": "3063160037.0", "secondary_": null, "community_": "311.0", "city_counc": "38.0", "assembly_d": "47.0", "asset_leng": "670.0", "asset_widt": "4.0", "asset_area": "2680.0", "gi_feature": null, "tree_latin": null, "tree_commo": null, "constructi": "GKOH15-04", "construc_1": "1", "program_ar": "Right of Way (ROW)", "status_gro": "Final Design", "constructe": null}, "geometry": {"type": "Point", "coordinates": [-73.99607018411464, 40.606947830817994]}}, {"type": "Feature", "properties": {"asset_id": "189344.0", "gi_id": "PP5037", "row_onsite": "ROW", "project_na": "DDC OH15 Phase 4", "asset_type": "ROW Porous Concrete", "status": "90% Design Submitted", "asset_x_co": "982249.24", "asset_y_co": "164181.34", "borough": "Brooklyn", "sewer_type": "Combined", "outfall": "OH-015", "nyc_waters": "East River / Open Waters", "bbl": "3062560010.0", "secondary_": null, "community_": "310.0", "city_counc": "38.0", "assembly_d": "49.0", "asset_leng": "670.0", "asset_widt": "4.0", "asset_area": "2680.0", "gi_feature": null, "tree_latin": null, "tree_commo": null, "constructi": "GKOH15-04", "construc_1": "1", "program_ar": "Right of Way (ROW)", "status_gro": "Final Design", "constructe": null}, "geometry": {"type": "Point", "coordinates": [-74.00720670736142, 40.617316026227385]}}, {"type": "Feature", "properties": {"asset_id": "189372.0", "gi_id": "PP6049-1", "row_onsite": "ROW", "project_na": "DDC OH15 Phase 4", "asset_type": "ROW Porous Concrete", "status": "90% Design Submitted", "asset_x_co": "985229.5882", "asset_y_co": "162482.5271", "borough": "Brooklyn", "sewer_type": "Combined", "outfall": "OH-015", "nyc_waters": "East River / Open Waters", "bbl": "3062380013.0", "secondary_": null, "community_": "311.0", "city_counc": "43.0", "assembly_d": "49.0", "asset_leng": "329.0", "asset_widt": "4.0", "asset_area": "1316.0", "gi_feature": null, "tree_latin": null, "tree_commo": null, "constructi": "GKOH15-04", "construc_1": "1", "program_ar": "Right of Way (ROW)", "status_gro": "Final Design", "constructe": null}, "geometry": {"type": "Point", "coordinates": [-73.99647178454703, 40.61265330786552]}}, {"type": "Feature", "properties": {"asset_id": "189421.0", "gi_id": "PP7013-1", "row_onsite": "ROW", "project_na": "DDC OH15 Phase 4", "asset_type": "ROW Porous Concrete", "status": "90% Design Submitted", "asset_x_co": "983799.57", "asset_y_co": "161778.95", "borough": "Brooklyn", "sewer_type": "Combined", "outfall": "OH-015", "nyc_waters": "East River / Open Waters", "bbl": "3063130038.0", "secondary_": null, "community_": "311.0", "city_counc": "38.0", "assembly_d": "47.0", "asset_leng": "100.0", "asset_widt": "4.0", "asset_area": "400.0", "gi_feature": null, "tree_latin": null, "tree_commo": null, "constructi": "GKOH15-04", "construc_1": "1", "program_ar": "Right of Way (ROW)", "status_gro": "Final Design", "constructe": null}, "geometry": {"type": "Point", "coordinates": [-74.00162228130642, 40.61072217650106]}}, {"type": "Feature", "properties": {"asset_id": "187194.0", "gi_id": "B111-01STa", "row_onsite": "Onsite", "project_na": "J.J. Byrne PG - Synthetic Turf Lawn Construction", "asset_type": "Synthetic Turf Field Storage Layer", "status": "Constructed", "asset_x_co": "988073.603", "asset_y_co": "184365.466", "borough": "Brooklyn", "sewer_type": "Combined", "outfall": "OH-007", "nyc_waters": "Gowanus Canal", "bbl": "3009810001.0", "secondary_": null, "community_": "306.0", "city_counc": "39.0", "assembly_d": "52.0", "asset_leng": "60.0", "asset_widt": "36.0", "asset_area": "2160.0", "gi_feature": null, "tree_latin": null, "tree_commo": null, "constructi": null, "construc_1": null, "program_ar": "External", "status_gro": "Constructed", "constructe": "2019/03/01 00:00:00.000"}, "geometry": {"type": "Point", "coordinates": [-73.98621600058411, 40.67271649892016]}}, {"type": "Feature", "properties": {"asset_id": "175300", "gi_id": "Sal_2", "row_onsite": "Onsite", "project_na": "Salmar", "asset_type": "Rooftop Farm", "status": "Constructed", "asset_x_co": "983011.0471", "asset_y_co": "179496.5866", "borough": "Brooklyn", "sewer_type": "Combined", "outfall": "OH-023", "nyc_waters": "Gowanus Canal", "bbl": "3006710001.0", "secondary_": null, "community_": "307.0", "city_counc": "38.0", "assembly_d": "51.0", "asset_leng": "0.0", "asset_widt": "0.0", "asset_area": "17940.0", "gi_feature": null, "tree_latin": null, "tree_commo": null, "constructi": null, "construc_1": null, "program_ar": "Incentivized", "status_gro": "Constructed", "constructe": "2018/09/28 00:00:00.000"}, "geometry": {"type": "Point", "coordinates": [-74.0044655016628, 40.659353245960475]}}, {"type": "Feature", "properties": {"asset_id": "189394.0", "gi_id": "PP6092-1", "row_onsite": "ROW", "project_na": "DDC OH15 Phase 4", "asset_type": "ROW Porous Concrete", "status": "90% Design Submitted", "asset_x_co": "985149.5221", "asset_y_co": "161295.6536", "borough": "Brooklyn", "sewer_type": "Combined", "outfall": "OH-015", "nyc_waters": "East River / Open Waters", "bbl": "3062740001.0", "secondary_": null, "community_": "311.0", "city_counc": "43.0", "assembly_d": "49.0", "asset_leng": "80.0", "asset_widt": "4.0", "asset_area": "320.0", "gi_feature": null, "tree_latin": null, "tree_commo": null, "constructi": "GKOH15-04", "construc_1": "1", "program_ar": "Right of Way (ROW)", "status_gro": "Final Design", "constructe": null}, "geometry": {"type": "Point", "coordinates": [-73.99676031941577, 40.609395592366184]}}, {"type": "Feature", "properties": {"asset_id": "158162.0", "gi_id": "C1", "row_onsite": "ROW", "project_na": "Flushing-Gowanus EBP 2010", "asset_type": "ROWB", "status": "Constructed (Full Maintenance)", "asset_x_co": "986846.4298", "asset_y_co": "184723.8799", "borough": "Brooklyn", "sewer_type": "Combined", "outfall": "OH-007", "nyc_waters": "Gowanus Canal", "bbl": "3009900001.0", "secondary_": null, "community_": "306.0", "city_counc": "39.0", "assembly_d": "52.0", "asset_leng": "15.0", "asset_widt": "7.5", "asset_area": "112.5", "gi_feature": "Standard", "tree_latin": "No Tree", "tree_commo": "N/A", "constructi": null, "construc_1": null, "program_ar": "Right of Way (ROW)", "status_gro": "Constructed", "constructe": "2014/05/01 00:00:00.000"}, "geometry": {"type": "Point", "coordinates": [-73.99063979281455, 40.67370070978688]}}, {"type": "Feature", "properties": {"asset_id": "189307.0", "gi_id": "PP4017", "row_onsite": "ROW", "project_na": "DDC OH15 Phase 4", "asset_type": "ROW Porous Concrete", "status": "90% Design Submitted", "asset_x_co": "984910.06", "asset_y_co": "163450.29", "borough": "Brooklyn", "sewer_type": "Combined", "outfall": "OH-015", "nyc_waters": "East River / Open Waters", "bbl": "3062150022.0", "secondary_": null, "community_": "311.0", "city_counc": "43.0", "assembly_d": "49.0", "asset_leng": "495.0", "asset_widt": "4.0", "asset_area": "1980.0", "gi_feature": null, "tree_latin": null, "tree_commo": null, "constructi": "GKOH15-04", "construc_1": "1", "program_ar": "Right of Way (ROW)", "status_gro": "Final Design", "constructe": null}, "geometry": {"type": "Point", "coordinates": [-73.99762254536155, 40.61530964658157]}}, {"type": "Feature", "properties": {"asset_id": "190852.0", "gi_id": "GRWD-E-PP-1", "row_onsite": "Onsite", "project_na": "Green-Wood Cemetery", "asset_type": "Permeable Pavers", "status": "Constructed", "asset_x_co": "986954.00003", "asset_y_co": "176868.00003", "borough": "Brooklyn", "sewer_type": "Combined", "outfall": "OH-004", "nyc_waters": "East River / Open Waters", "bbl": "3009020004.0", "secondary_": null, "community_": "307.0", "city_counc": "38.0", "assembly_d": "51.0", "asset_leng": "0.0", "asset_widt": "0.0", "asset_area": "621.0", "gi_feature": null, "tree_latin": null, "tree_commo": null, "constructi": null, "construc_1": null, "program_ar": "Incentivized", "status_gro": "Constructed", "constructe": "2024/06/21 00:00:00.000"}, "geometry": {"type": "Point", "coordinates": [-73.99025514915292, 40.65213802499484]}}, {"type": "Feature", "properties": {"asset_id": "160099.0", "gi_id": "49B", "row_onsite": "ROW", "project_na": "Gravesend", "asset_type": "ROWB", "status": "Constructed (Full Maintenance)", "asset_x_co": "992884.91", "asset_y_co": "161085.05", "borough": "Brooklyn", "sewer_type": "Combined", "outfall": "OH-021", "nyc_waters": "Coney Island Creek", "bbl": "3066370016.0", "secondary_": null, "community_": "315.0", "city_counc": "44.0", "assembly_d": "45.0", "asset_leng": "10.0", "asset_widt": "5.5", "asset_area": "55.0", "gi_feature": "Standard", "tree_latin": "Quercus bicolor", "tree_commo": "Swamp White Oak", "constructi": "GI-NYR-3", "construc_1": "1", "program_ar": "Right of Way (ROW)", "status_gro": "Constructed", "constructe": "2021/05/25 00:00:00.000"}, "geometry": {"type": "Point", "coordinates": [-73.96890114730164, 40.60881336720233]}}, {"type": "Feature", "properties": {"asset_id": "160144.0", "gi_id": "99B", "row_onsite": "ROW", "project_na": "Gravesend", "asset_type": "ROWB", "status": "Constructed (Full Maintenance)", "asset_x_co": "992134.9611", "asset_y_co": "159950.0133", "borough": "Brooklyn", "sewer_type": "Combined", "outfall": "OH-021", "nyc_waters": "Coney Island Creek", "bbl": "3066580026.0", "secondary_": null, "community_": "315.0", "city_counc": "44.0", "assembly_d": "45.0", "asset_leng": "13.0", "asset_widt": "4.5", "asset_area": "58.5", "gi_feature": "Type C - SW Chamber", "tree_latin": "No Tree", "tree_commo": "N/A", "constructi": "GI-NYR-3", "construc_1": "1", "program_ar": "Right of Way (ROW)", "status_gro": "Constructed", "constructe": "2021/05/25 00:00:00.000"}, "geometry": {"type": "Point", "coordinates": [-73.97160343179016, 40.605698622714115]}}, {"type": "Feature", "properties": {"asset_id": "182352.0", "gi_id": "B282-01SS", "row_onsite": "Onsite", "project_na": "Patrick O'Rourke Playground", "asset_type": "Subsurface Detention System", "status": "Constructed", "asset_x_co": "980428.476", "asset_y_co": "164737.953", "borough": "Brooklyn", "sewer_type": "Combined", "outfall": "OH-017", "nyc_waters": "East River / Open Waters", "bbl": "3062780022.0", "secondary_": null, "community_": "310.0", "city_counc": "38.0", "assembly_d": "46.0", "asset_leng": "0.0", "asset_widt": "0.0", "asset_area": "2184.0", "gi_feature": null, "tree_latin": null, "tree_commo": null, "constructi": null, "construc_1": null, "program_ar": "Public Onsite", "status_gro": "Constructed", "constructe": "2025/11/05 00:00:00.000"}, "geometry": {"type": "Point", "coordinates": [-74.01376538552363, 40.61884321524935]}}, {"type": "Feature", "properties": {"asset_id": "188796.0", "gi_id": "PP8089", "row_onsite": "ROW", "project_na": "DDC OH15 Phase 4", "asset_type": "ROW Porous Concrete", "status": "90% Design Submitted", "asset_x_co": "982006.8861", "asset_y_co": "159021.7906", "borough": "Brooklyn", "sewer_type": "Combined", "outfall": "OH-015", "nyc_waters": "East River / Open Waters", "bbl": "3064350030.0", "secondary_": null, "community_": "311.0", "city_counc": "47.0", "assembly_d": "47.0", "asset_leng": "484.0", "asset_widt": "4.0", "asset_area": "1936.0", "gi_feature": null, "tree_latin": null, "tree_commo": null, "constructi": "GKOH15-04", "construc_1": "1", "program_ar": "Right of Way (ROW)", "status_gro": "Final Design", "constructe": null}, "geometry": {"type": "Point", "coordinates": [-74.00807794838886, 40.60315406507978]}}, {"type": "Feature", "properties": {"asset_id": "189365.0", "gi_id": "PP6006", "row_onsite": "ROW", "project_na": "DDC OH15 Phase 4", "asset_type": "ROW Porous Concrete", "status": "90% Design Submitted", "asset_x_co": "983730.62", "asset_y_co": "163415.56", "borough": "Brooklyn", "sewer_type": "Combined", "outfall": "OH-015", "nyc_waters": "East River / Open Waters", "bbl": "3062360005.0", "secondary_": null, "community_": "311.0", "city_counc": "38.0", "assembly_d": "49.0", "asset_leng": "170.0", "asset_widt": "4.0", "asset_area": "680.0", "gi_feature": null, "tree_latin": null, "tree_commo": null, "constructi": "GKOH15-04", "construc_1": "1", "program_ar": "Right of Way (ROW)", "status_gro": "Final Design", "constructe": null}, "geometry": {"type": "Point", "coordinates": [-74.00187073948017, 40.61521432950458]}}, {"type": "Feature", "properties": {"asset_id": "189356.0", "gi_id": "PP5068", "row_onsite": "ROW", "project_na": "DDC OH15 Phase 4", "asset_type": "ROW Porous Concrete", "status": "90% Design Submitted", "asset_x_co": "982015.5", "asset_y_co": "163703.52", "borough": "Brooklyn", "sewer_type": "Combined", "outfall": "OH-015", "nyc_waters": "East River / Open Waters", "bbl": "3062810022.0", "secondary_": null, "community_": "311.0", "city_counc": "38.0", "assembly_d": "49.0", "asset_leng": "361.0", "asset_widt": "4.0", "asset_area": "1444.0", "gi_feature": null, "tree_latin": null, "tree_commo": null, "constructi": "GKOH15-04", "construc_1": "1", "program_ar": "Right of Way (ROW)", "status_gro": "Final Design", "constructe": null}, "geometry": {"type": "Point", "coordinates": [-74.00804847719361, 40.616004453727]}}, {"type": "Feature", "properties": {"asset_id": "188784.0", "gi_id": "PP8006", "row_onsite": "ROW", "project_na": "DDC OH15 Phase 4", "asset_type": "ROW Porous Concrete", "status": "90% Design Submitted", "asset_x_co": "983654.3888", "asset_y_co": "160745.6677", "borough": "Brooklyn", "sewer_type": "Combined", "outfall": "OH-015", "nyc_waters": "East River / Open Waters", "bbl": "3063430029.0", "secondary_": null, "community_": "311.0", "city_counc": "38.0", "assembly_d": "47.0", "asset_leng": "443.0", "asset_widt": "4.0", "asset_area": "1772.0", "gi_feature": null, "tree_latin": null, "tree_commo": null, "constructi": "GKOH15-04", "construc_1": "1", "program_ar": "Right of Way (ROW)", "status_gro": "Final Design", "constructe": null}, "geometry": {"type": "Point", "coordinates": [-74.00214507995032, 40.607886019785084]}}, {"type": "Feature", "properties": {"asset_id": "189427.0", "gi_id": "PP7036", "row_onsite": "ROW", "project_na": "DDC OH15 Phase 4", "asset_type": "ROW Porous Concrete", "status": "90% Design Submitted", "asset_x_co": "984909.8757", "asset_y_co": "161115.4272", "borough": "Brooklyn", "sewer_type": "Combined", "outfall": "OH-015", "nyc_waters": "East River / Open Waters", "bbl": "3062850048.0", "secondary_": null, "community_": "311.0", "city_counc": "38.0", "assembly_d": "49.0", "asset_leng": "354.0", "asset_widt": "2.0", "asset_area": "708.0", "gi_feature": null, "tree_latin": null, "tree_commo": null, "constructi": "GKOH15-04", "construc_1": "1", "program_ar": "Right of Way (ROW)", "status_gro": "Final Design", "constructe": null}, "geometry": {"type": "Point", "coordinates": [-73.99762343765076, 40.60890092910247]}}, {"type": "Feature", "properties": {"asset_id": "189403.0", "gi_id": "PP6106", "row_onsite": "ROW", "project_na": "DDC OH15 Phase 4", "asset_type": "ROW Porous Concrete", "status": "90% Design Submitted", "asset_x_co": "986857.35", "asset_y_co": "160937.29", "borough": "Brooklyn", "sewer_type": "Combined", "outfall": "OH-015", "nyc_waters": "East River / Open Waters", "bbl": "3062410008.0", "secondary_": null, "community_": "311.0", "city_counc": "43.0", "assembly_d": "47.0", "asset_leng": "170.0", "asset_widt": "4.0", "asset_area": "680.0", "gi_feature": null, "tree_latin": null, "tree_commo": null, "constructi": "GKOH15-04", "construc_1": "1", "program_ar": "Right of Way (ROW)", "status_gro": "Final Design", "constructe": null}, "geometry": {"type": "Point", "coordinates": [-73.99060961748044, 40.60841162022372]}}, {"type": "Feature", "properties": {"asset_id": "189467.0", "gi_id": "PP7103", "row_onsite": "ROW", "project_na": "DDC OH15 Phase 4", "asset_type": "ROW Porous Concrete", "status": "90% Design Submitted", "asset_x_co": "985486.5576", "asset_y_co": "159331.5963", "borough": "Brooklyn", "sewer_type": "Combined", "outfall": "OH-015", "nyc_waters": "East River / Open Waters", "bbl": "3063340001.0", "secondary_": null, "community_": "311.0", "city_counc": "43.0", "assembly_d": "47.0", "asset_leng": "670.0", "asset_widt": "2.0", "asset_area": "1340.0", "gi_feature": null, "tree_latin": null, "tree_commo": null, "constructi": "GKOH15-04", "construc_1": "1", "program_ar": "Right of Way (ROW)", "status_gro": "Final Design", "constructe": null}, "geometry": {"type": "Point", "coordinates": [-73.99554682663967, 40.604004616568126]}}, {"type": "Feature", "properties": {"asset_id": "189332.0", "gi_id": "PP4074.1", "row_onsite": "ROW", "project_na": "DDC OH15 Phase 4", "asset_type": "ROW Porous Concrete", "status": "90% Design Submitted", "asset_x_co": "988523.18", "asset_y_co": "161913.07", "borough": "Brooklyn", "sewer_type": "Combined", "outfall": "OH-015", "nyc_waters": "East River / Open Waters", "bbl": "3061750001.0", "secondary_": null, "community_": "311.0", "city_counc": "43.0", "assembly_d": "47.0", "asset_leng": "666.0", "asset_widt": "4.0", "asset_area": "2664.0", "gi_feature": null, "tree_latin": null, "tree_commo": null, "constructi": "GKOH15-04", "construc_1": "1", "program_ar": "Right of Way (ROW)", "status_gro": "Final Design", "constructe": null}, "geometry": {"type": "Point", "coordinates": [-73.98460950624388, 40.61108928888324]}}, {"type": "Feature", "properties": {"asset_id": "189433.0", "gi_id": "PP7047.2", "row_onsite": "ROW", "project_na": "DDC OH15 Phase 4", "asset_type": "ROW Porous Concrete", "status": "90% Design Submitted", "asset_x_co": "985664.11", "asset_y_co": "160811.28", "borough": "Brooklyn", "sewer_type": "Combined", "outfall": "OH-015", "nyc_waters": "East River / Open Waters", "bbl": "3062860032.0", "secondary_": null, "community_": "311.0", "city_counc": "38.0", "assembly_d": "49.0", "asset_leng": "360.0", "asset_widt": "4.0", "asset_area": "1440.0", "gi_feature": null, "tree_latin": null, "tree_commo": null, "constructi": "GKOH15-04", "construc_1": "1", "program_ar": "Right of Way (ROW)", "status_gro": "Final Design", "constructe": null}, "geometry": {"type": "Point", "coordinates": [-73.99490710307015, 40.608066019573705]}}, {"type": "Feature", "properties": {"asset_id": "189325.0", "gi_id": "PP4061.2", "row_onsite": "ROW", "project_na": "DDC OH15 Phase 4", "asset_type": "ROW Porous Concrete", "status": "90% Design Submitted", "asset_x_co": "987753.34", "asset_y_co": "162191.62", "borough": "Brooklyn", "sewer_type": "Combined", "outfall": "OH-015", "nyc_waters": "East River / Open Waters", "bbl": "3061850039.0", "secondary_": null, "community_": "311.0", "city_counc": "43.0", "assembly_d": "49.0", "asset_leng": "215.0", "asset_widt": "4.0", "asset_area": "860.0", "gi_feature": null, "tree_latin": null, "tree_commo": null, "constructi": "GKOH15-04", "construc_1": "1", "program_ar": "Right of Way (ROW)", "status_gro": "Final Design", "constructe": null}, "geometry": {"type": "Point", "coordinates": [-73.98738205495285, 40.61185418903443]}}, {"type": "Feature", "properties": {"asset_id": "187192.0", "gi_id": "B095-01STa", "row_onsite": "Onsite", "project_na": "Ennis PG - Reconstruction", "asset_type": "Synthetic Turf Field Storage Layer", "status": "Constructed", "asset_x_co": "985919.546", "asset_y_co": "183658.134", "borough": "Brooklyn", "sewer_type": "Combined", "outfall": "OH-006", "nyc_waters": "Gowanus Canal", "bbl": "3010200011.0", "secondary_": null, "community_": "306.0", "city_counc": "38.0", "assembly_d": "51.0", "asset_leng": "42.0", "asset_widt": "35.0", "asset_area": "1802.0", "gi_feature": null, "tree_latin": null, "tree_commo": null, "constructi": null, "construc_1": null, "program_ar": "External", "status_gro": "Constructed", "constructe": "2019/07/01 00:00:00.000"}, "geometry": {"type": "Point", "coordinates": [-73.9939815012105, 40.670775699584645]}}, {"type": "Feature", "properties": {"asset_id": "189347.0", "gi_id": "PP5040", "row_onsite": "ROW", "project_na": "DDC OH15 Phase 4", "asset_type": "ROW Porous Concrete", "status": "90% Design Submitted", "asset_x_co": "983183.45", "asset_y_co": "164104.27", "borough": "Brooklyn", "sewer_type": "Combined", "outfall": "OH-015", "nyc_waters": "East River / Open Waters", "bbl": "3062340027.0", "secondary_": null, "community_": "311.0", "city_counc": "38.0", "assembly_d": "49.0", "asset_leng": "670.0", "asset_widt": "4.0", "asset_area": "2680.0", "gi_feature": null, "tree_latin": null, "tree_commo": null, "constructi": "GKOH15-04", "construc_1": "1", "program_ar": "Right of Way (ROW)", "status_gro": "Final Design", "constructe": null}, "geometry": {"type": "Point", "coordinates": [-74.00384168478716, 40.617104646615424]}}, {"type": "Feature", "properties": {"asset_id": "183981.0", "gi_id": "IB12A", "row_onsite": "ROW", "project_na": "Gravesend", "asset_type": "ROW Infiltration Basin with Concrete Top", "status": "Constructed (Full Maintenance)", "asset_x_co": "991283.02", "asset_y_co": "160279.2", "borough": "Brooklyn", "sewer_type": "Combined", "outfall": "OH-021", "nyc_waters": "Coney Island Creek", "bbl": "3066300039.0", "secondary_": null, "community_": "311.0", "city_counc": "44.0", "assembly_d": "47.0", "asset_leng": "10.0", "asset_widt": "5.0", "asset_area": "50.0", "gi_feature": "Standard", "tree_latin": "No Tree", "tree_commo": "N/A", "constructi": "GI-NYR-3", "construc_1": "1", "program_ar": "Right of Way (ROW)", "status_gro": "Constructed", "constructe": "2021/05/25 00:00:00.000"}, "geometry": {"type": "Point", "coordinates": [-73.9746712340974, 40.60660289084878]}}, {"type": "Feature", "properties": {"asset_id": "189444.0", "gi_id": "PP7071", "row_onsite": "ROW", "project_na": "DDC OH15 Phase 4", "asset_type": "ROW Porous Concrete", "status": "90% Design Submitted", "asset_x_co": "983857.3787", "asset_y_co": "160622.7754", "borough": "Brooklyn", "sewer_type": "Combined", "outfall": "OH-015", "nyc_waters": "East River / Open Waters", "bbl": "3063320054.0", "secondary_": null, "community_": "311.0", "city_counc": "38.0", "assembly_d": "47.0", "asset_leng": "244.0", "asset_widt": "2.0", "asset_area": "488.0", "gi_feature": null, "tree_latin": null, "tree_commo": null, "constructi": "GKOH15-04", "construc_1": "1", "program_ar": "Right of Way (ROW)", "status_gro": "Final Design", "constructe": null}, "geometry": {"type": "Point", "coordinates": [-74.00141400892127, 40.60754871643101]}}, {"type": "Feature", "properties": {"asset_id": "160113.0", "gi_id": "57A", "row_onsite": "ROW", "project_na": "Gravesend", "asset_type": "ROWB", "status": "Constructed (Full Maintenance)", "asset_x_co": "990696.8298", "asset_y_co": "160113.2156", "borough": "Brooklyn", "sewer_type": "Combined", "outfall": "OH-021", "nyc_waters": "Coney Island Creek", "bbl": "3066530006.0", "secondary_": null, "community_": "311.0", "city_counc": "44.0", "assembly_d": "47.0", "asset_leng": "10.0", "asset_widt": "5.0", "asset_area": "50.0", "gi_feature": "Standard", "tree_latin": "Nyssa sylvatica", "tree_commo": "Blackgum", "constructi": "GI-NYR-3", "construc_1": "1", "program_ar": "Right of Way (ROW)", "status_gro": "Constructed", "constructe": "2021/05/25 00:00:00.000"}, "geometry": {"type": "Point", "coordinates": [-73.9767825014231, 40.606147742969746]}}, {"type": "Feature", "properties": {"asset_id": "190930.0", "gi_id": "K180-01STb", "row_onsite": "Onsite", "project_na": "P.S. 180 - BROOKLYN", "asset_type": "Synthetic Turf Field Storage Layer", "status": "In Construction", "asset_x_co": "987374.527", "asset_y_co": "167426.504", "borough": "Brooklyn", "sewer_type": "Combined", "outfall": "OH-002", "nyc_waters": "East River / Open Waters", "bbl": "3054920001.0", "secondary_": null, "community_": "312.0", "city_counc": "44.0", "assembly_d": "0.0", "asset_leng": "32.0", "asset_widt": "20.0", "asset_area": "484.0", "gi_feature": null, "tree_latin": null, "tree_commo": null, "constructi": null, "construc_1": null, "program_ar": "Public Onsite", "status_gro": "In Construction", "constructe": null}, "geometry": {"type": "Point", "coordinates": [-73.98874399998378, 40.626222999418204]}}, {"type": "Feature", "properties": {"asset_id": "188800", "gi_id": "PP8111.2", "row_onsite": "ROW", "project_na": "DDC OH15 Phase 4", "asset_type": "ROW Porous Concrete", "status": "90% Design Submitted", "asset_x_co": "982626.6421", "asset_y_co": "158594.1886", "borough": "Brooklyn", "sewer_type": "Combined", "outfall": "OH-015", "nyc_waters": "East River / Open Waters", "bbl": "3064377501.0", "secondary_": null, "community_": "311.0", "city_counc": "47.0", "assembly_d": "47.0", "asset_leng": "465.0", "asset_widt": "2.0", "asset_area": "930.0", "gi_feature": null, "tree_latin": null, "tree_commo": null, "constructi": "GKOH15-04", "construc_1": "1", "program_ar": "Right of Way (ROW)", "status_gro": "Final Design", "constructe": null}, "geometry": {"type": "Point", "coordinates": [-74.00584596758512, 40.60198051928354]}}, {"type": "Feature", "properties": {"asset_id": "189317.0", "gi_id": "PP4040-1", "row_onsite": "ROW", "project_na": "DDC OH15 Phase 4", "asset_type": "ROW Porous Concrete", "status": "90% Design Submitted", "asset_x_co": "986778.45", "asset_y_co": "163295.96", "borough": "Brooklyn", "sewer_type": "Combined", "outfall": "OH-015", "nyc_waters": "East River / Open Waters", "bbl": "3061730011.0", "secondary_": null, "community_": "311.0", "city_counc": "43.0", "assembly_d": "49.0", "asset_leng": "143.0", "asset_widt": "4.0", "asset_area": "572.0", "gi_feature": null, "tree_latin": null, "tree_commo": null, "constructi": "GKOH15-04", "construc_1": "1", "program_ar": "Right of Way (ROW)", "status_gro": "Final Design", "constructe": null}, "geometry": {"type": "Point", "coordinates": [-73.99089289337999, 40.61488570626759]}}, {"type": "Feature", "properties": {"asset_id": "189457.0", "gi_id": "PP7092.1", "row_onsite": "ROW", "project_na": "DDC OH15 Phase 4", "asset_type": "ROW Porous Concrete", "status": "90% Design Submitted", "asset_x_co": "986048.98", "asset_y_co": "159919.19", "borough": "Brooklyn", "sewer_type": "Combined", "outfall": "OH-015", "nyc_waters": "East River / Open Waters", "bbl": "3062990013.0", "secondary_": null, "community_": "311.0", "city_counc": "43.0", "assembly_d": "47.0", "asset_leng": "170.0", "asset_widt": "4.0", "asset_area": "680.0", "gi_feature": null, "tree_latin": null, "tree_commo": null, "constructi": "GKOH15-04", "construc_1": "1", "program_ar": "Right of Way (ROW)", "status_gro": "Final Design", "constructe": null}, "geometry": {"type": "Point", "coordinates": [-73.9935212370478, 40.60561734495518]}}, {"type": "Feature", "properties": {"asset_id": "104938.0", "gi_id": "82C", "row_onsite": "ROW", "project_na": "OGI Design Area 1 (OH-007)", "asset_type": "ROWRG", "status": "Constructed (Full Maintenance)", "asset_x_co": "988608.2254", "asset_y_co": "185168.7009", "borough": "Brooklyn", "sewer_type": "Combined", "outfall": "OH-007", "nyc_waters": "Gowanus Canal", "bbl": "3009690001.0", "secondary_": null, "community_": "306.0", "city_counc": "39.0", "assembly_d": "52.0", "asset_leng": "15.0", "asset_widt": "5.0", "asset_area": "75.0", "gi_feature": null, "tree_latin": "No Tree", "tree_commo": "N/A", "constructi": "GKRH34-02-GKOH07-02", "construc_1": "Stage-1", "program_ar": "Right of Way (ROW)", "status_gro": "Constructed", "constructe": "2016/09/15 00:00:00.000"}, "geometry": {"type": "Point", "coordinates": [-73.98428817916049, 40.674920951230824]}}, {"type": "Feature", "properties": {"asset_id": "183982.0", "gi_id": "IB31A", "row_onsite": "ROW", "project_na": "Gravesend", "asset_type": "ROW Infiltration Basin with Concrete Top", "status": "Constructed (Full Maintenance)", "asset_x_co": "990502.7219", "asset_y_co": "160225.0614", "borough": "Brooklyn", "sewer_type": "Combined", "outfall": "OH-021", "nyc_waters": "Coney Island Creek", "bbl": "3066270038.0", "secondary_": null, "community_": "311.0", "city_counc": "44.0", "assembly_d": "47.0", "asset_leng": "13.0", "asset_widt": "5.0", "asset_area": "65.0", "gi_feature": "Standard", "tree_latin": "No Tree", "tree_commo": "N/A", "constructi": "GI-NYR-3", "construc_1": "1", "program_ar": "Right of Way (ROW)", "status_gro": "Constructed", "constructe": "2021/05/25 00:00:00.000"}, "geometry": {"type": "Point", "coordinates": [-73.97748145450579, 40.60645487620267]}}, {"type": "Feature", "properties": {"asset_id": "189312.0", "gi_id": "PP4029-1", "row_onsite": "ROW", "project_na": "DDC OH15 Phase 4", "asset_type": "ROW Porous Concrete", "status": "90% Design Submitted", "asset_x_co": "986369.37", "asset_y_co": "162957.02", "borough": "Brooklyn", "sewer_type": "Combined", "outfall": "OH-015", "nyc_waters": "East River / Open Waters", "bbl": "3061940013.0", "secondary_": null, "community_": "311.0", "city_counc": "43.0", "assembly_d": "49.0", "asset_leng": "283.0", "asset_widt": "4.0", "asset_area": "1132.0", "gi_feature": null, "tree_latin": null, "tree_commo": null, "constructi": "GKOH15-04", "construc_1": "1", "program_ar": "Right of Way (ROW)", "status_gro": "Final Design", "constructe": null}, "geometry": {"type": "Point", "coordinates": [-73.99236644562518, 40.613955493453496]}}, {"type": "Feature", "properties": {"asset_id": "190936.0", "gi_id": "B073-01SPa", "row_onsite": "Onsite", "project_na": "Prospect Park (Litchfield)", "asset_type": "Subsurface Storage", "status": "100% Design Accepted", "asset_x_co": "991727.87", "asset_y_co": "181955.36", "borough": "Brooklyn", "sewer_type": "Combined", "outfall": "OH-015", "nyc_waters": "East River / Open Waters", "bbl": "3011170001.0", "secondary_": null, "community_": "355.0", "city_counc": "39.0", "assembly_d": "44.0", "asset_leng": "0.0", "asset_widt": "0.0", "asset_area": "3163.0", "gi_feature": null, "tree_latin": null, "tree_commo": null, "constructi": null, "construc_1": null, "program_ar": "Public Onsite", "status_gro": "Final Design", "constructe": null}, "geometry": {"type": "Point", "coordinates": [-73.97304512743312, 40.6660989637086]}}, {"type": "Feature", "properties": {"asset_id": "183949.0", "gi_id": "K234-01SRa", "row_onsite": "Onsite", "project_na": "K234 - I.S. 234", "asset_type": "Subsurface Storage", "status": "Constructed (In Guarantee)", "asset_x_co": "996765.13", "asset_y_co": "159371.87", "borough": "Brooklyn", "sewer_type": "MS4", "outfall": "OH-021", "nyc_waters": "Coney Island Creek", "bbl": "3068210244.0", "secondary_": null, "community_": "315.0", "city_counc": "48.0", "assembly_d": "45.0", "asset_leng": "58.58", "asset_widt": "15.75", "asset_area": "923.0", "gi_feature": null, "tree_latin": null, "tree_commo": null, "constructi": null, "construc_1": null, "program_ar": "Public Onsite", "status_gro": "Constructed", "constructe": "2023/09/05 00:00:00.000"}, "geometry": {"type": "Point", "coordinates": [-73.95492960974174, 40.60410640827179]}}, {"type": "Feature", "properties": {"asset_id": "183490.0", "gi_id": "GS62A", "row_onsite": "ROW", "project_na": "Gravesend", "asset_type": "ROWGS", "status": "Constructed (Full Maintenance)", "asset_x_co": "991484.1051", "asset_y_co": "160271.8371", "borough": "Brooklyn", "sewer_type": "Combined", "outfall": "OH-021", "nyc_waters": "Coney Island Creek", "bbl": "3066310041.0", "secondary_": null, "community_": "311.0", "city_counc": "44.0", "assembly_d": "47.0", "asset_leng": "20.0", "asset_widt": "3.5", "asset_area": "70.0", "gi_feature": null, "tree_latin": "No Tree", "tree_commo": "N/A", "constructi": "GI-NYR-3", "construc_1": "1", "program_ar": "Right of Way (ROW)", "status_gro": "Constructed", "constructe": "2021/05/25 00:00:00.000"}, "geometry": {"type": "Point", "coordinates": [-73.97394705351005, 40.6065825185673]}}, {"type": "Feature", "properties": {"asset_id": "189390.0", "gi_id": "PP6090", "row_onsite": "ROW", "project_na": "DDC OH15 Phase 4", "asset_type": "ROW Porous Concrete", "status": "90% Design Submitted", "asset_x_co": "986921.2475", "asset_y_co": "161141.5972", "borough": "Brooklyn", "sewer_type": "Combined", "outfall": "OH-015", "nyc_waters": "East River / Open Waters", "bbl": "3062400012.0", "secondary_": null, "community_": "311.0", "city_counc": "43.0", "assembly_d": "49.0", "asset_leng": "670.0", "asset_widt": "4.0", "asset_area": "2680.0", "gi_feature": null, "tree_latin": null, "tree_commo": null, "constructi": "GKOH15-04", "construc_1": "1", "program_ar": "Right of Way (ROW)", "status_gro": "Final Design", "constructe": null}, "geometry": {"type": "Point", "coordinates": [-73.99037940951364, 40.60897238203871]}}, {"type": "Feature", "properties": {"asset_id": "189337.0", "gi_id": "PP4087", "row_onsite": "ROW", "project_na": "DDC OH15 Phase 4", "asset_type": "ROW Porous Concrete", "status": "90% Design Submitted", "asset_x_co": "987880.17", "asset_y_co": "161096.07", "borough": "Brooklyn", "sewer_type": "Combined", "outfall": "OH-015", "nyc_waters": "East River / Open Waters", "bbl": "3062190006.0", "secondary_": null, "community_": "311.0", "city_counc": "43.0", "assembly_d": "47.0", "asset_leng": "670.0", "asset_widt": "4.0", "asset_area": "2680.0", "gi_feature": null, "tree_latin": null, "tree_commo": null, "constructi": "GKOH15-04", "construc_1": "1", "program_ar": "Right of Way (ROW)", "status_gro": "Final Design", "constructe": null}, "geometry": {"type": "Point", "coordinates": [-73.98692584226663, 40.60884707842019]}}, {"type": "Feature", "properties": {"asset_id": "160071.0", "gi_id": "17B", "row_onsite": "ROW", "project_na": "Gravesend", "asset_type": "ROWB", "status": "Constructed (Full Maintenance)", "asset_x_co": "991938.4528", "asset_y_co": "161082.4286", "borough": "Brooklyn", "sewer_type": "Combined", "outfall": "OH-021", "nyc_waters": "Coney Island Creek", "bbl": "3066330012.0", "secondary_": null, "community_": "315.0", "city_counc": "44.0", "assembly_d": "45.0", "asset_leng": "15.0", "asset_widt": "6.0", "asset_area": "90.0", "gi_feature": "Type C - SW Chamber", "tree_latin": "No Tree", "tree_commo": "N/A", "constructi": "GI-NYR-3", "construc_1": "1", "program_ar": "Right of Way (ROW)", "status_gro": "Constructed", "constructe": "2021/05/25 00:00:00.000"}, "geometry": {"type": "Point", "coordinates": [-73.97230983991298, 40.6088070437754]}}, {"type": "Feature", "properties": {"asset_id": "187197.0", "gi_id": "SWPS17-103-D01", "row_onsite": "Onsite", "project_na": "Seth Low PG / Bealin Square / McKinley Park - McKinley Park and Seth Low PG Synthetic Turf Ballfield Reconstruction", "asset_type": "Synthetic Turf Field Storage Layer", "status": "Constructed", "asset_x_co": "985625.215", "asset_y_co": "161215.673", "borough": "Brooklyn", "sewer_type": "Combined", "outfall": "OH-015", "nyc_waters": "East River / Open Waters", "bbl": "3065940001.0", "secondary_": null, "community_": "311.0", "city_counc": "43.0", "assembly_d": "49.0", "asset_leng": "160.0", "asset_widt": "156.0", "asset_area": "24960.0", "gi_feature": null, "tree_latin": null, "tree_commo": null, "constructi": null, "construc_1": null, "program_ar": "External", "status_gro": "Constructed", "constructe": "2017/09/01 00:00:00.000"}, "geometry": {"type": "Point", "coordinates": [-73.9950471002726, 40.60917600129179]}}, {"type": "Feature", "properties": {"asset_id": "190877.0", "gi_id": "PP6072.2", "row_onsite": "ROW", "project_na": "DDC OH15 Phase 4", "asset_type": "ROW Porous Concrete", "status": "90% Design Submitted", "asset_x_co": "984753.5109", "asset_y_co": "161864.6378", "borough": "Brooklyn", "sewer_type": "Combined", "outfall": "OH-015", "nyc_waters": "East River / Open Waters", "bbl": "3062730006.0", "secondary_": null, "community_": "311.0", "city_counc": "43.0", "assembly_d": "49.0", "asset_leng": "214.0", "asset_widt": "4.0", "asset_area": "856.0", "gi_feature": null, "tree_latin": null, "tree_commo": null, "constructi": "GKOH15-04", "construc_1": "1", "program_ar": "Right of Way (ROW)", "status_gro": "Final Design", "constructe": null}, "geometry": {"type": "Point", "coordinates": [-73.99818653457451, 40.61095736909526]}}, {"type": "Feature", "properties": {"asset_id": "189335.0", "gi_id": "PP4084.2", "row_onsite": "ROW", "project_na": "DDC OH15 Phase 4", "asset_type": "ROW Porous Concrete", "status": "90% Design Submitted", "asset_x_co": "987366.36", "asset_y_co": "161579.5", "borough": "Brooklyn", "sewer_type": "Combined", "outfall": "OH-015", "nyc_waters": "East River / Open Waters", "bbl": "3062080062.0", "secondary_": null, "community_": "311.0", "city_counc": "43.0", "assembly_d": "47.0", "asset_leng": "170.0", "asset_widt": "4.0", "asset_area": "680.0", "gi_feature": null, "tree_latin": null, "tree_commo": null, "constructi": "GKOH15-04", "construc_1": "1", "program_ar": "Right of Way (ROW)", "status_gro": "Final Design", "constructe": null}, "geometry": {"type": "Point", "coordinates": [-73.9887761201349, 40.610174190517235]}}, {"type": "Feature", "properties": {"asset_id": "188805.0", "gi_id": "PP8120.2", "row_onsite": "ROW", "project_na": "DDC OH15 Phase 4", "asset_type": "ROW Porous Concrete", "status": "90% Design Submitted", "asset_x_co": "983010.8728", "asset_y_co": "159030.8164", "borough": "Brooklyn", "sewer_type": "Combined", "outfall": "OH-015", "nyc_waters": "East River / Open Waters", "bbl": "3064050001.0", "secondary_": null, "community_": "311.0", "city_counc": "38.0", "assembly_d": "47.0", "asset_leng": "224.0", "asset_widt": "4.0", "asset_area": "896.0", "gi_feature": null, "tree_latin": null, "tree_commo": null, "constructi": "GKOH15-04", "construc_1": "1", "program_ar": "Right of Way (ROW)", "status_gro": "Final Design", "constructe": null}, "geometry": {"type": "Point", "coordinates": [-74.00446237189556, 40.603179036594476]}}, {"type": "Feature", "properties": {"asset_id": "189316.0", "gi_id": "PP4040", "row_onsite": "ROW", "project_na": "DDC OH15 Phase 4", "asset_type": "ROW Porous Concrete", "status": "90% Design Submitted", "asset_x_co": "987303.72", "asset_y_co": "162880.03", "borough": "Brooklyn", "sewer_type": "Combined", "outfall": "OH-015", "nyc_waters": "East River / Open Waters", "bbl": "3061730023.0", "secondary_": null, "community_": "311.0", "city_counc": "43.0", "assembly_d": "49.0", "asset_leng": "527.0", "asset_widt": "4.0", "asset_area": "2108.0", "gi_feature": null, "tree_latin": null, "tree_commo": null, "constructi": "GKOH15-04", "construc_1": "1", "program_ar": "Right of Way (ROW)", "status_gro": "Final Design", "constructe": null}, "geometry": {"type": "Point", "coordinates": [-73.98900113606739, 40.613743899035924]}}, {"type": "Feature", "properties": {"asset_id": "189387.0", "gi_id": "PP6083-1", "row_onsite": "ROW", "project_na": "DDC OH15 Phase 4", "asset_type": "ROW Porous Concrete", "status": "90% Design Submitted", "asset_x_co": "984612.7191", "asset_y_co": "161682.4765", "borough": "Brooklyn", "sewer_type": "Combined", "outfall": "OH-015", "nyc_waters": "East River / Open Waters", "bbl": "3062730059.0", "secondary_": null, "community_": "311.0", "city_counc": "43.0", "assembly_d": "49.0", "asset_leng": "55.0", "asset_widt": "2.0", "asset_area": "110.0", "gi_feature": null, "tree_latin": null, "tree_commo": null, "constructi": "GKOH15-04", "construc_1": "1", "program_ar": "Right of Way (ROW)", "status_gro": "Final Design", "constructe": null}, "geometry": {"type": "Point", "coordinates": [-73.99869362565279, 40.61045738042969]}}, {"type": "Feature", "properties": {"asset_id": "189314.0", "gi_id": "PP4036-1", "row_onsite": "ROW", "project_na": "DDC OH15 Phase 4", "asset_type": "ROW Porous Concrete", "status": "90% Design Submitted", "asset_x_co": "986046.29", "asset_y_co": "162549.51", "borough": "Brooklyn", "sewer_type": "Combined", "outfall": "OH-015", "nyc_waters": "East River / Open Waters", "bbl": "3062160041.0", "secondary_": null, "community_": "311.0", "city_counc": "43.0", "assembly_d": "49.0", "asset_leng": "134.0", "asset_widt": "4.0", "asset_area": "536.0", "gi_feature": null, "tree_latin": null, "tree_commo": null, "constructi": "GKOH15-04", "construc_1": "1", "program_ar": "Right of Way (ROW)", "status_gro": "Final Design", "constructe": null}, "geometry": {"type": "Point", "coordinates": [-73.99353022489007, 40.612837033932294]}}, {"type": "Feature", "properties": {"asset_id": "188806.0", "gi_id": "PP8123", "row_onsite": "ROW", "project_na": "DDC OH15 Phase 4", "asset_type": "ROW Porous Concrete", "status": "90% Design Submitted", "asset_x_co": "982652.4983", "asset_y_co": "158579.0001", "borough": "Brooklyn", "sewer_type": "Combined", "outfall": "OH-015", "nyc_waters": "East River / Open Waters", "bbl": "3064380029.0", "secondary_": null, "community_": "311.0", "city_counc": "47.0", "assembly_d": "47.0", "asset_leng": "463.0", "asset_widt": "4.0", "asset_area": "1852.0", "gi_feature": null, "tree_latin": null, "tree_commo": null, "constructi": "GKOH15-04", "construc_1": "1", "program_ar": "Right of Way (ROW)", "status_gro": "Final Design", "constructe": null}, "geometry": {"type": "Point", "coordinates": [-74.0057528515769, 40.60193883521224]}}, {"type": "Feature", "properties": {"asset_id": "104930.0", "gi_id": "74B", "row_onsite": "ROW", "project_na": "OGI Design Area 1 (OH-007)", "asset_type": "ROWRG", "status": "Constructed (Full Maintenance)", "asset_x_co": "989425.9758", "asset_y_co": "184957.6101", "borough": "Brooklyn", "sewer_type": "Combined", "outfall": "OH-007", "nyc_waters": "Gowanus Canal", "bbl": "3009650011.0", "secondary_": null, "community_": "306.0", "city_counc": "39.0", "assembly_d": "52.0", "asset_leng": "10.0", "asset_widt": "5.0", "asset_area": "50.0", "gi_feature": null, "tree_latin": "No Tree", "tree_commo": "N/A", "constructi": "GKRH34-02-GKOH07-02", "construc_1": "Stage-1", "program_ar": "Right of Way (ROW)", "status_gro": "Constructed", "constructe": "2016/09/15 00:00:00.000"}, "geometry": {"type": "Point", "coordinates": [-73.98134027300048, 40.67434111417552]}}, {"type": "Feature", "properties": {"asset_id": "189375.0", "gi_id": "PP6058.2-1", "row_onsite": "ROW", "project_na": "DDC OH15 Phase 4", "asset_type": "ROW Porous Concrete", "status": "90% Design Submitted", "asset_x_co": "985070.8743", "asset_y_co": "162276.82", "borough": "Brooklyn", "sewer_type": "Combined", "outfall": "OH-015", "nyc_waters": "East River / Open Waters", "bbl": "3062490012.0", "secondary_": null, "community_": "311.0", "city_counc": "43.0", "assembly_d": "49.0", "asset_leng": "354.0", "asset_widt": "4.0", "asset_area": "1416.0", "gi_feature": null, "tree_latin": null, "tree_commo": null, "constructi": "GKOH15-04", "construc_1": "1", "program_ar": "Right of Way (ROW)", "status_gro": "Final Design", "constructe": null}, "geometry": {"type": "Point", "coordinates": [-73.99704345474079, 40.61208869992523]}}, {"type": "Feature", "properties": {"asset_id": "184412.0", "gi_id": "RS1", "row_onsite": "Onsite", "project_na": "Seth Low PG / Bealin Square / McKinley Park - McKinley Park and Seth Low PG Synthetic Turf Ballfield Reconstruction", "asset_type": "Detention System", "status": "Constructed", "asset_x_co": "979205.584", "asset_y_co": "166979.798", "borough": "Brooklyn", "sewer_type": "Combined", "outfall": "OH-018", "nyc_waters": "East River / Open Waters", "bbl": "3059440001.0", "secondary_": null, "community_": "310.0", "city_counc": "38.0", "assembly_d": "49.0", "asset_leng": "200.0", "asset_widt": "130.0", "asset_area": "26003.2", "gi_feature": null, "tree_latin": null, "tree_commo": null, "constructi": null, "construc_1": null, "program_ar": "External", "status_gro": "Constructed", "constructe": "2018/03/01 00:00:00.000"}, "geometry": {"type": "Point", "coordinates": [-74.01817200057052, 40.62499599965797]}}, {"type": "Feature", "properties": {"asset_id": "189299.0", "gi_id": "PP4001", "row_onsite": "ROW", "project_na": "DDC OH15 Phase 4", "asset_type": "ROW Porous Concrete", "status": "90% Design Submitted", "asset_x_co": "986118.67", "asset_y_co": "163818.26", "borough": "Brooklyn", "sewer_type": "Combined", "outfall": "OH-015", "nyc_waters": "East River / Open Waters", "bbl": "3061710035.0", "secondary_": null, "community_": "311.0", "city_counc": "43.0", "assembly_d": "49.0", "asset_leng": "483.0", "asset_widt": "4.0", "asset_area": "1932.0", "gi_feature": null, "tree_latin": null, "tree_commo": null, "constructi": "GKOH15-04", "construc_1": "1", "program_ar": "Right of Way (ROW)", "status_gro": "Final Design", "constructe": null}, "geometry": {"type": "Point", "coordinates": [-73.99326917922458, 40.61631947577558]}}, {"type": "Feature", "properties": {"asset_id": "189407.0", "gi_id": "PP6110", "row_onsite": "ROW", "project_na": "DDC OH15 Phase 4", "asset_type": "ROW Porous Concrete", "status": "90% Design Submitted", "asset_x_co": "986436.8299", "asset_y_co": "160530.4573", "borough": "Brooklyn", "sewer_type": "Combined", "outfall": "OH-015", "nyc_waters": "East River / Open Waters", "bbl": "3062750012.0", "secondary_": null, "community_": "311.0", "city_counc": "43.0", "assembly_d": "47.0", "asset_leng": "670.0", "asset_widt": "4.0", "asset_area": "2680.0", "gi_feature": null, "tree_latin": null, "tree_commo": null, "constructi": "GKOH15-04", "construc_1": "1", "program_ar": "Right of Way (ROW)", "status_gro": "Final Design", "constructe": null}, "geometry": {"type": "Point", "coordinates": [-73.99212425435209, 40.6072950611215]}}, {"type": "Feature", "properties": {"asset_id": "189431.0", "gi_id": "PP7043", "row_onsite": "ROW", "project_na": "DDC OH15 Phase 4", "asset_type": "ROW Porous Concrete", "status": "90% Design Submitted", "asset_x_co": "984295.4957", "asset_y_co": "161270.4554", "borough": "Brooklyn", "sewer_type": "Combined", "outfall": "OH-015", "nyc_waters": "East River / Open Waters", "bbl": "3062960042.0", "secondary_": null, "community_": "311.0", "city_counc": "38.0", "assembly_d": "49.0", "asset_leng": "578.0", "asset_widt": "2.0", "asset_area": "1156.0", "gi_feature": null, "tree_latin": null, "tree_commo": null, "constructi": "GKOH15-04", "construc_1": "1", "program_ar": "Right of Way (ROW)", "status_gro": "Final Design", "constructe": null}, "geometry": {"type": "Point", "coordinates": [-73.99983614504096, 40.609326474257784]}}, {"type": "Feature", "properties": {"asset_id": "189322.0", "gi_id": "PP4056-1", "row_onsite": "ROW", "project_na": "DDC OH15 Phase 4", "asset_type": "ROW Porous Concrete", "status": "90% Design Submitted", "asset_x_co": "987914.85", "asset_y_co": "162395.35", "borough": "Brooklyn", "sewer_type": "Combined", "outfall": "OH-015", "nyc_waters": "East River / Open Waters", "bbl": "3061740034.0", "secondary_": null, "community_": "311.0", "city_counc": "43.0", "assembly_d": "49.0", "asset_leng": "358.0", "asset_widt": "4.0", "asset_area": "1432.0", "gi_feature": null, "tree_latin": null, "tree_commo": null, "constructi": "GKOH15-04", "construc_1": "1", "program_ar": "Right of Way (ROW)", "status_gro": "Final Design", "constructe": null}, "geometry": {"type": "Point", "coordinates": [-73.98680023598554, 40.61241332123795]}}, {"type": "Feature", "properties": {"asset_id": "184417.0", "gi_id": "PCP", "row_onsite": "Onsite", "project_na": "Sunset Park - PG Reconstruction", "asset_type": "Permeable Pavers", "status": "Constructed", "asset_x_co": "983019.016", "asset_y_co": "175227.305", "borough": "Brooklyn", "sewer_type": "Combined", "outfall": "OH-002", "nyc_waters": "East River / Open Waters", "bbl": "3009210001.0", "secondary_": null, "community_": "307.0", "city_counc": "38.0", "assembly_d": "51.0", "asset_leng": "0.0", "asset_widt": "0.0", "asset_area": "2237.21", "gi_feature": null, "tree_latin": null, "tree_commo": null, "constructi": null, "construc_1": null, "program_ar": "External", "status_gro": "Constructed", "constructe": "2018/01/01 00:00:00.000"}, "geometry": {"type": "Point", "coordinates": [-74.00443600078088, 40.64763500097365]}}, {"type": "Feature", "properties": {"asset_id": "188788.0", "gi_id": "PP8034", "row_onsite": "ROW", "project_na": "DDC OH15 Phase 4", "asset_type": "ROW Porous Concrete", "status": "90% Design Submitted", "asset_x_co": "984286.1889", "asset_y_co": "160206.3572", "borough": "Brooklyn", "sewer_type": "Combined", "outfall": "OH-015", "nyc_waters": "East River / Open Waters", "bbl": "3063450001.0", "secondary_": null, "community_": "311.0", "city_counc": "38.0", "assembly_d": "47.0", "asset_leng": "139.0", "asset_widt": "4.0", "asset_area": "556.0", "gi_feature": null, "tree_latin": null, "tree_commo": null, "constructi": "GKOH15-04", "construc_1": "1", "program_ar": "Right of Way (ROW)", "status_gro": "Final Design", "constructe": null}, "geometry": {"type": "Point", "coordinates": [-73.99986966946595, 40.60640574245372]}}, {"type": "Feature", "properties": {"asset_id": "188811.0", "gi_id": "PP8134.2", "row_onsite": "ROW", "project_na": "DDC OH15 Phase 4", "asset_type": "ROW Porous Concrete", "status": "90% Design Submitted", "asset_x_co": "982875.3349", "asset_y_co": "158426.5282", "borough": "Brooklyn", "sewer_type": "Combined", "outfall": "OH-015", "nyc_waters": "East River / Open Waters", "bbl": "3064390032.0", "secondary_": null, "community_": "311.0", "city_counc": "47.0", "assembly_d": "47.0", "asset_leng": "460.0", "asset_widt": "4.0", "asset_area": "1840.0", "gi_feature": null, "tree_latin": null, "tree_commo": null, "constructi": "GKOH15-04", "construc_1": "1", "program_ar": "Right of Way (ROW)", "status_gro": "Final Design", "constructe": null}, "geometry": {"type": "Point", "coordinates": [-74.0049503517566, 40.60152036843325]}}, {"type": "Feature", "properties": {"asset_id": "189397.0", "gi_id": "PP6094", "row_onsite": "ROW", "project_na": "DDC OH15 Phase 4", "asset_type": "ROW Porous Concrete", "status": "90% Design Submitted", "asset_x_co": "985825.6209", "asset_y_co": "161015.0432", "borough": "Brooklyn", "sewer_type": "Combined", "outfall": "OH-015", "nyc_waters": "East River / Open Waters", "bbl": "3062740032.0", "secondary_": null, "community_": "311.0", "city_counc": "43.0", "assembly_d": "49.0", "asset_leng": "355.0", "asset_widt": "4.0", "asset_area": "1420.0", "gi_feature": null, "tree_latin": null, "tree_commo": null, "constructi": "GKOH15-04", "construc_1": "1", "program_ar": "Right of Way (ROW)", "status_gro": "Final Design", "constructe": null}, "geometry": {"type": "Point", "coordinates": [-73.99432537659114, 40.60862528013119]}}, {"type": "Feature", "properties": {"asset_id": "160119.0", "gi_id": "61B", "row_onsite": "ROW", "project_na": "Gravesend", "asset_type": "ROWB", "status": "Constructed (Full Maintenance)", "asset_x_co": "991107.3362", "asset_y_co": "160172.1323", "borough": "Brooklyn", "sewer_type": "Combined", "outfall": "OH-021", "nyc_waters": "Coney Island Creek", "bbl": "3066550002.0", "secondary_": null, "community_": "311.0", "city_counc": "44.0", "assembly_d": "47.0", "asset_leng": "10.0", "asset_widt": "5.0", "asset_area": "50.0", "gi_feature": "Standard", "tree_latin": "Nyssa sylvatica", "tree_commo": "Blackgum", "constructi": "GI-NYR-3", "construc_1": "1", "program_ar": "Right of Way (ROW)", "status_gro": "Constructed", "constructe": "2021/05/25 00:00:00.000"}, "geometry": {"type": "Point", "coordinates": [-73.9753040512503, 40.606309149599774]}}, {"type": "Feature", "properties": {"asset_id": "160112.0", "gi_id": "55A", "row_onsite": "ROW", "project_na": "Gravesend", "asset_type": "ROWB", "status": "Constructed (Full Maintenance)", "asset_x_co": "990379.9863", "asset_y_co": "160067.5534", "borough": "Brooklyn", "sewer_type": "Combined", "outfall": "OH-021", "nyc_waters": "Coney Island Creek", "bbl": "3066520001.0", "secondary_": null, "community_": "311.0", "city_counc": "44.0", "assembly_d": "47.0", "asset_leng": "17.0", "asset_widt": "4.0", "asset_area": "68.0", "gi_feature": "Type C - SW Chamber", "tree_latin": "No Tree", "tree_commo": "N/A", "constructi": "GI-NYR-3", "construc_1": "1", "program_ar": "Right of Way (ROW)", "status_gro": "Constructed", "constructe": "2021/05/25 00:00:00.000"}, "geometry": {"type": "Point", "coordinates": [-73.97792361745286, 40.60602263410034]}}, {"type": "Feature", "properties": {"asset_id": "189412.0", "gi_id": "PP6118", "row_onsite": "ROW", "project_na": "DDC OH15 Phase 4", "asset_type": "ROW Porous Concrete", "status": "90% Design Submitted", "asset_x_co": "987228.1424", "asset_y_co": "160273.0893", "borough": "Brooklyn", "sewer_type": "Combined", "outfall": "OH-015", "nyc_waters": "East River / Open Waters", "bbl": "3062520056.0", "secondary_": null, "community_": "311.0", "city_counc": "43.0", "assembly_d": "47.0", "asset_leng": "115.0", "asset_widt": "4.0", "asset_area": "460.0", "gi_feature": null, "tree_latin": null, "tree_commo": null, "constructi": "GKOH15-04", "construc_1": "1", "program_ar": "Right of Way (ROW)", "status_gro": "Final Design", "constructe": null}, "geometry": {"type": "Point", "coordinates": [-73.98927450055453, 40.60658840819923]}}, {"type": "Feature", "properties": {"asset_id": "183975.0", "gi_id": "IB8A", "row_onsite": "ROW", "project_na": "Gravesend", "asset_type": "ROW Infiltration Basin with Concrete Top", "status": "Constructed (Full Maintenance)", "asset_x_co": "990541.05", "asset_y_co": "160178.73", "borough": "Brooklyn", "sewer_type": "Combined", "outfall": "OH-021", "nyc_waters": "Coney Island Creek", "bbl": "3066280047.0", "secondary_": null, "community_": "311.0", "city_counc": "44.0", "assembly_d": "47.0", "asset_leng": "13.0", "asset_widt": "5.0", "asset_area": "65.0", "gi_feature": "Type C - SW Chamber", "tree_latin": "No Tree", "tree_commo": "N/A", "constructi": "GI-NYR-3", "construc_1": "1", "program_ar": "Right of Way (ROW)", "status_gro": "Constructed", "constructe": "2021/05/25 00:00:00.000"}, "geometry": {"type": "Point", "coordinates": [-73.97734346323084, 40.606327678305384]}}, {"type": "Feature", "properties": {"asset_id": "185986.0", "gi_id": "K295-01STa", "row_onsite": "Onsite", "project_na": "P.S. 295/M.S. 443/ New Voices School of Academic & Creative Arts/I.S 88 K", "asset_type": "Synthetic Turf Field Storage Layer", "status": "Constructed", "asset_x_co": "987170.86", "asset_y_co": "180086.569", "borough": "Brooklyn", "sewer_type": "Combined", "outfall": "OH-004", "nyc_waters": "East River / Open Waters", "bbl": "3008800001.0", "secondary_": null, "community_": "307.0", "city_counc": "39.0", "assembly_d": "51.0", "asset_leng": "85.0", "asset_widt": "40.0", "asset_area": "3400", "gi_feature": null, "tree_latin": null, "tree_commo": null, "constructi": null, "construc_1": null, "program_ar": "Public Onsite", "status_gro": "Constructed", "constructe": "2022/05/01 00:00:00.000"}, "geometry": {"type": "Point", "coordinates": [-73.98947222171483, 40.660972222629226]}}, {"type": "Feature", "properties": {"asset_id": "149596.0", "gi_id": "GHROWB_1", "row_onsite": "ROW", "project_na": "Gil Hodges", "asset_type": "ROWB", "status": "Constructed (Full Maintenance)", "asset_x_co": "988450.36969", "asset_y_co": "185671.037", "borough": "Brooklyn", "sewer_type": "Combined", "outfall": "OH-007", "nyc_waters": "Gowanus Canal", "bbl": "3004560014.0", "secondary_": null, "community_": "306.0", "city_counc": "39.0", "assembly_d": "52.0", "asset_leng": "20.0", "asset_widt": "5.0", "asset_area": "100.0", "gi_feature": "Standard", "tree_latin": "Metasequoia glyptostroboides", "tree_commo": "Dawn Redwood", "constructi": null, "construc_1": null, "program_ar": "Incentivized", "status_gro": "Constructed", "constructe": "2013/08/30 00:00:00.000"}, "geometry": {"type": "Point", "coordinates": [-73.98485695203861, 40.6762998264735]}}, {"type": "Feature", "properties": {"asset_id": "189359.0", "gi_id": "PP5077", "row_onsite": "ROW", "project_na": "DDC OH15 Phase 4", "asset_type": "ROW Porous Concrete", "status": "90% Design Submitted", "asset_x_co": "981701.14", "asset_y_co": "163365.49", "borough": "Brooklyn", "sewer_type": "Combined", "outfall": "OH-015", "nyc_waters": "East River / Open Waters", "bbl": "3062930009.0", "secondary_": null, "community_": "311.0", "city_counc": "47.0", "assembly_d": "49.0", "asset_leng": "50.0", "asset_widt": "2.0", "asset_area": "100.0", "gi_feature": null, "tree_latin": null, "tree_commo": null, "constructi": "GKOH15-04", "construc_1": "1", "program_ar": "Right of Way (ROW)", "status_gro": "Final Design", "constructe": null}, "geometry": {"type": "Point", "coordinates": [-74.00918064701447, 40.61507654601622]}}, {"type": "Feature", "properties": {"asset_id": "149645.0", "gi_id": "Sal_1", "row_onsite": "Onsite", "project_na": "Salmar", "asset_type": "Rooftop Farm", "status": "Constructed", "asset_x_co": "983011.0471", "asset_y_co": "179496.5866", "borough": "Brooklyn", "sewer_type": "Combined", "outfall": "OH-023", "nyc_waters": "Gowanus Canal", "bbl": "3006710001.0", "secondary_": null, "community_": "307.0", "city_counc": "38.0", "assembly_d": "51.0", "asset_leng": "0.0", "asset_widt": "0.0", "asset_area": "52141.0", "gi_feature": null, "tree_latin": null, "tree_commo": null, "constructi": null, "construc_1": null, "program_ar": "Incentivized", "status_gro": "Constructed", "constructe": "2018/09/28 00:00:00.000"}, "geometry": {"type": "Point", "coordinates": [-74.0044655016628, 40.659353245960475]}}, {"type": "Feature", "properties": {"asset_id": "189442.0", "gi_id": "PP7069", "row_onsite": "ROW", "project_na": "DDC OH15 Phase 4", "asset_type": "ROW Porous Concrete", "status": "90% Design Submitted", "asset_x_co": "986275.3795", "asset_y_co": "160326.7718", "borough": "Brooklyn", "sewer_type": "Combined", "outfall": "OH-015", "nyc_waters": "East River / Open Waters", "bbl": "3062870010.0", "secondary_": null, "community_": "311.0", "city_counc": "43.0", "assembly_d": "47.0", "asset_leng": "670.0", "asset_widt": "4.0", "asset_area": "2680.0", "gi_feature": null, "tree_latin": null, "tree_commo": null, "constructi": "GKOH15-04", "construc_1": "1", "program_ar": "Right of Way (ROW)", "status_gro": "Final Design", "constructe": null}, "geometry": {"type": "Point", "coordinates": [-73.9927057702478, 40.60673602503977]}}, {"type": "Feature", "properties": {"asset_id": "188798.0", "gi_id": "PP8107", "row_onsite": "ROW", "project_na": "DDC OH15 Phase 4", "asset_type": "ROW Porous Concrete", "status": "90% Design Submitted", "asset_x_co": "985023.1128", "asset_y_co": "159057.1683", "borough": "Brooklyn", "sewer_type": "Combined", "outfall": "OH-015", "nyc_waters": "East River / Open Waters", "bbl": "3063770031.0", "secondary_": null, "community_": "311.0", "city_counc": "43.0", "assembly_d": "47.0", "asset_leng": "252.0", "asset_widt": "4.0", "asset_area": "1008.0", "gi_feature": null, "tree_latin": null, "tree_commo": null, "constructi": "GKOH15-04", "construc_1": "1", "program_ar": "Right of Way (ROW)", "status_gro": "Final Design", "constructe": null}, "geometry": {"type": "Point", "coordinates": [-73.99721584562647, 40.603251419428105]}}, {"type": "Feature", "properties": {"asset_id": "189448.0", "gi_id": "PP7078.1", "row_onsite": "ROW", "project_na": "DDC OH15 Phase 4", "asset_type": "ROW Porous Concrete", "status": "90% Design Submitted", "asset_x_co": "986113.8346", "asset_y_co": "160122.9674", "borough": "Brooklyn", "sewer_type": "Combined", "outfall": "OH-015", "nyc_waters": "East River / Open Waters", "bbl": "3062990001.0", "secondary_": null, "community_": "311.0", "city_counc": "43.0", "assembly_d": "47.0", "asset_leng": "670.0", "asset_widt": "4.0", "asset_area": "2680.0", "gi_feature": null, "tree_latin": null, "tree_commo": null, "constructi": "GKOH15-04", "construc_1": "1", "program_ar": "Right of Way (ROW)", "status_gro": "Final Design", "constructe": null}, "geometry": {"type": "Point", "coordinates": [-73.9932876167252, 40.60617665911514]}}, {"type": "Feature", "properties": {"asset_id": "105102.0", "gi_id": "221A", "row_onsite": "ROW", "project_na": "OGI Design Area 1 (OH-007)", "asset_type": "ROWB", "status": "Constructed (Full Maintenance)", "asset_x_co": "990339.7005", "asset_y_co": "182221.7809", "borough": "Brooklyn", "sewer_type": "Combined", "outfall": "OH-007", "nyc_waters": "Gowanus Canal", "bbl": "3010890007.0", "secondary_": null, "community_": "306.0", "city_counc": "39.0", "assembly_d": "44.0", "asset_leng": "20.0", "asset_widt": "5.0", "asset_area": "100.0", "gi_feature": "Type C - SW Chamber", "tree_latin": "No Tree", "tree_commo": "N/A", "constructi": "GKRH34-02-GKOH07-02", "construc_1": "Stage-1", "program_ar": "Right of Way (ROW)", "status_gro": "Constructed", "constructe": "2016/09/15 00:00:00.000"}, "geometry": {"type": "Point", "coordinates": [-73.9780487087186, 40.66683129387801]}}, {"type": "Feature", "properties": {"asset_id": "189320.0", "gi_id": "PP4053-1", "row_onsite": "ROW", "project_na": "DDC OH15 Phase 4", "asset_type": "ROW Porous Concrete", "status": "90% Design Submitted", "asset_x_co": "985988.24", "asset_y_co": "162352.21", "borough": "Brooklyn", "sewer_type": "Combined", "outfall": "OH-015", "nyc_waters": "East River / Open Waters", "bbl": "3062170001.0", "secondary_": null, "community_": "311.0", "city_counc": "43.0", "assembly_d": "49.0", "asset_leng": "96.0", "asset_widt": "4.0", "asset_area": "384.0", "gi_feature": null, "tree_latin": null, "tree_commo": null, "constructi": "GKOH15-04", "construc_1": "1", "program_ar": "Right of Way (ROW)", "status_gro": "Final Design", "constructe": null}, "geometry": {"type": "Point", "coordinates": [-73.99373935715224, 40.612295498212134]}}, {"type": "Feature", "properties": {"asset_id": "160051.0", "gi_id": "3A", "row_onsite": "ROW", "project_na": "Gravesend", "asset_type": "ROWB", "status": "Constructed (Full Maintenance)", "asset_x_co": "990094.7858", "asset_y_co": "160876.8725", "borough": "Brooklyn", "sewer_type": "Combined", "outfall": "OH-021", "nyc_waters": "Coney Island Creek", "bbl": "3066010047.0", "secondary_": null, "community_": "311.0", "city_counc": "43.0", "assembly_d": "47.0", "asset_leng": "10.0", "asset_widt": "5.0", "asset_area": "50.0", "gi_feature": "Standard", "tree_latin": "Quercus bicolor", "tree_commo": "Swamp White Oak", "constructi": "GI-NYR-3", "construc_1": "1", "program_ar": "Right of Way (ROW)", "status_gro": "Constructed", "constructe": "2021/05/25 00:00:00.000"}, "geometry": {"type": "Point", "coordinates": [-73.97895003124677, 40.60824424250953]}}, {"type": "Feature", "properties": {"asset_id": "183471.0", "gi_id": "GS10-1A", "row_onsite": "ROW", "project_na": "Gravesend", "asset_type": "ROWGS", "status": "Constructed (Full Maintenance)", "asset_x_co": "990791.9223", "asset_y_co": "160259.659", "borough": "Brooklyn", "sewer_type": "Combined", "outfall": "OH-021", "nyc_waters": "Coney Island Creek", "bbl": "3066290043.0", "secondary_": null, "community_": "311.0", "city_counc": "44.0", "assembly_d": "47.0", "asset_leng": "13.0", "asset_widt": "3.5", "asset_area": "45.5", "gi_feature": null, "tree_latin": "No Tree", "tree_commo": "N/A", "constructi": "GI-NYR-3", "construc_1": "1", "program_ar": "Right of Way (ROW)", "status_gro": "Constructed", "constructe": "2021/05/25 00:00:00.000"}, "geometry": {"type": "Point", "coordinates": [-73.97643989576828, 40.606549630133856]}}, {"type": "Feature", "properties": {"asset_id": "189425.0", "gi_id": "PP7034.2", "row_onsite": "ROW", "project_na": "DDC OH15 Phase 4", "asset_type": "ROW Porous Concrete", "status": "90% Design Submitted", "asset_x_co": "984436.2655", "asset_y_co": "161452.5984", "borough": "Brooklyn", "sewer_type": "Combined", "outfall": "OH-015", "nyc_waters": "East River / Open Waters", "bbl": "3062960017.0", "secondary_": null, "community_": "311.0", "city_counc": "38.0", "assembly_d": "49.0", "asset_leng": "226.0", "asset_widt": "4.0", "asset_area": "904.0", "gi_feature": null, "tree_latin": null, "tree_commo": null, "constructi": "GKOH15-04", "construc_1": "1", "program_ar": "Right of Way (ROW)", "status_gro": "Final Design", "constructe": null}, "geometry": {"type": "Point", "coordinates": [-73.9993291502788, 40.60982641759218]}}, {"type": "Feature", "properties": {"asset_id": "189303.0", "gi_id": "PP4009.2", "row_onsite": "ROW", "project_na": "DDC OH15 Phase 4", "asset_type": "ROW Porous Concrete", "status": "90% Design Submitted", "asset_x_co": "985801.8", "asset_y_co": "163407.1", "borough": "Brooklyn", "sewer_type": "Combined", "outfall": "OH-015", "nyc_waters": "East River / Open Waters", "bbl": "3061930037.0", "secondary_": null, "community_": "311.0", "city_counc": "43.0", "assembly_d": "49.0", "asset_leng": "320.0", "asset_widt": "4.0", "asset_area": "1280.0", "gi_feature": null, "tree_latin": null, "tree_commo": null, "constructi": "GKOH15-04", "construc_1": "1", "program_ar": "Right of Way (ROW)", "status_gro": "Final Design", "constructe": null}, "geometry": {"type": "Point", "coordinates": [-73.99441061793958, 40.615190988004834]}}, {"type": "Feature", "properties": {"asset_id": "189378.0", "gi_id": "PP6065", "row_onsite": "ROW", "project_na": "DDC OH15 Phase 4", "asset_type": "ROW Porous Concrete", "status": "90% Design Submitted", "asset_x_co": "985362.33", "asset_y_co": "161713.96", "borough": "Brooklyn", "sewer_type": "Combined", "outfall": "OH-015", "nyc_waters": "East River / Open Waters", "bbl": "3062610035.0", "secondary_": null, "community_": "311.0", "city_counc": "43.0", "assembly_d": "49.0", "asset_leng": "362.0", "asset_widt": "4.0", "asset_area": "1448.0", "gi_feature": null, "tree_latin": null, "tree_commo": null, "constructi": "GKOH15-04", "construc_1": "1", "program_ar": "Right of Way (ROW)", "status_gro": "Final Design", "constructe": null}, "geometry": {"type": "Point", "coordinates": [-73.9959938103923, 40.61054373386547]}}, {"type": "Feature", "properties": {"asset_id": "189469.0", "gi_id": "PP8137-1", "row_onsite": "ROW", "project_na": "DDC OH15 Phase 4", "asset_type": "ROW Porous Concrete", "status": "90% Design Submitted", "asset_x_co": "984404.7955", "asset_y_co": "158734.1572", "borough": "Brooklyn", "sewer_type": "Combined", "outfall": "OH-015", "nyc_waters": "East River / Open Waters", "bbl": "3064090055.0", "secondary_": null, "community_": "311.0", "city_counc": "43.0", "assembly_d": "47.0", "asset_leng": "109.0", "asset_widt": "2.0", "asset_area": "218.0", "gi_feature": null, "tree_latin": null, "tree_commo": null, "constructi": "GKOH15-04", "construc_1": "1", "program_ar": "Right of Way (ROW)", "status_gro": "Final Design", "constructe": null}, "geometry": {"type": "Point", "coordinates": [-73.99944255343752, 40.60236485274711]}}, {"type": "Feature", "properties": {"asset_id": "188793.0", "gi_id": "PP8072.1", "row_onsite": "ROW", "project_na": "DDC OH15 Phase 4", "asset_type": "ROW Porous Concrete", "status": "90% Design Submitted", "asset_x_co": "985400.4486", "asset_y_co": "159361.5201", "borough": "Brooklyn", "sewer_type": "Combined", "outfall": "OH-015", "nyc_waters": "East River / Open Waters", "bbl": "3063460005.0", "secondary_": null, "community_": "311.0", "city_counc": "43.0", "assembly_d": "47.0", "asset_leng": "488.0", "asset_widt": "4.0", "asset_area": "1952.0", "gi_feature": null, "tree_latin": null, "tree_commo": null, "constructi": "GKOH15-04", "construc_1": "1", "program_ar": "Right of Way (ROW)", "status_gro": "Final Design", "constructe": null}, "geometry": {"type": "Point", "coordinates": [-73.99585692329102, 40.60408676296769]}}, {"type": "Feature", "properties": {"asset_id": "188816.0", "gi_id": "PP8149", "row_onsite": "ROW", "project_na": "DDC OH15 Phase 4", "asset_type": "ROW Porous Concrete", "status": "90% Design Submitted", "asset_x_co": "983297.6724", "asset_y_co": "158136.5516", "borough": "Brooklyn", "sewer_type": "Combined", "outfall": "OH-015", "nyc_waters": "East River / Open Waters", "bbl": "3064410028.0", "secondary_": null, "community_": "311.0", "city_counc": "47.0", "assembly_d": "47.0", "asset_leng": "465.0", "asset_widt": "4.0", "asset_area": "1860.0", "gi_feature": null, "tree_latin": null, "tree_commo": null, "constructi": "GKOH15-04", "construc_1": "1", "program_ar": "Right of Way (ROW)", "status_gro": "Final Design", "constructe": null}, "geometry": {"type": "Point", "coordinates": [-74.00342941669798, 40.600724496458774]}}, {"type": "Feature", "properties": {"asset_id": "188797.0", "gi_id": "PP8092", "row_onsite": "ROW", "project_na": "DDC OH15 Phase 4", "asset_type": "ROW Porous Concrete", "status": "90% Design Submitted", "asset_x_co": "983288.5927", "asset_y_co": "159381.4196", "borough": "Brooklyn", "sewer_type": "Combined", "outfall": "OH-015", "nyc_waters": "East River / Open Waters", "bbl": "3064050015.0", "secondary_": null, "community_": "311.0", "city_counc": "38.0", "assembly_d": "47.0", "asset_leng": "224.0", "asset_widt": "4.0", "asset_area": "896.0", "gi_feature": null, "tree_latin": null, "tree_commo": null, "constructi": "GKOH15-04", "construc_1": "1", "program_ar": "Right of Way (ROW)", "status_gro": "Final Design", "constructe": null}, "geometry": {"type": "Point", "coordinates": [-74.00346229072038, 40.604141404847965]}}, {"type": "Feature", "properties": {"asset_id": "189458.0", "gi_id": "PP7092.2", "row_onsite": "ROW", "project_na": "DDC OH15 Phase 4", "asset_type": "ROW Porous Concrete", "status": "90% Design Submitted", "asset_x_co": "986199.958", "asset_y_co": "160054.5365", "borough": "Brooklyn", "sewer_type": "Combined", "outfall": "OH-015", "nyc_waters": "East River / Open Waters", "bbl": "3062990013.0", "secondary_": null, "community_": "311.0", "city_counc": "43.0", "assembly_d": "47.0", "asset_leng": "275.0", "asset_widt": "4.0", "asset_area": "1100", "gi_feature": null, "tree_latin": null, "tree_commo": null, "constructi": "GKOH15-04", "construc_1": "1", "program_ar": "Right of Way (ROW)", "status_gro": "Final Design", "constructe": null}, "geometry": {"type": "Point", "coordinates": [-73.99297747265759, 40.60598881156161]}}, {"type": "Feature", "properties": {"asset_id": "189355.0", "gi_id": "PP5066", "row_onsite": "ROW", "project_na": "DDC OH15 Phase 4", "asset_type": "ROW Porous Concrete", "status": "90% Design Submitted", "asset_x_co": "983633.4", "asset_y_co": "163416.23", "borough": "Brooklyn", "sewer_type": "Combined", "outfall": "OH-015", "nyc_waters": "East River / Open Waters", "bbl": "3062460009.0", "secondary_": null, "community_": "311.0", "city_counc": "38.0", "assembly_d": "49.0", "asset_leng": "670.0", "asset_widt": "4.0", "asset_area": "2680.0", "gi_feature": null, "tree_latin": null, "tree_commo": null, "constructi": "GKOH15-04", "construc_1": "1", "program_ar": "Right of Way (ROW)", "status_gro": "Final Design", "constructe": null}, "geometry": {"type": "Point", "coordinates": [-74.00222091447068, 40.61521616213598]}}, {"type": "Feature", "properties": {"asset_id": "158156.0", "gi_id": "A1", "row_onsite": "ROW", "project_na": "Flushing-Gowanus EBP 2010", "asset_type": "ROWB", "status": "Constructed (Full Maintenance)", "asset_x_co": "986530.3081", "asset_y_co": "185068.453", "borough": "Brooklyn", "sewer_type": "Combined", "outfall": "OH-007", "nyc_waters": "Gowanus Canal", "bbl": "3009900001.0", "secondary_": null, "community_": "306.0", "city_counc": "39.0", "assembly_d": "52.0", "asset_leng": "20.0", "asset_widt": "4.5", "asset_area": "90.0", "gi_feature": "Type B - Stormwater Inlet", "tree_latin": "No Tree", "tree_commo": "N/A", "constructi": null, "construc_1": null, "program_ar": "Right of Way (ROW)", "status_gro": "Constructed", "constructe": "2014/05/01 00:00:00.000"}, "geometry": {"type": "Point", "coordinates": [-73.99177930456722, 40.67464657261634]}}, {"type": "Feature", "properties": {"asset_id": "158161.0", "gi_id": "C2", "row_onsite": "ROW", "project_na": "Flushing-Gowanus EBP 2010", "asset_type": "ROWB", "status": "Constructed (Full Maintenance)", "asset_x_co": "986789.1405", "asset_y_co": "184760.4772", "borough": "Brooklyn", "sewer_type": "Combined", "outfall": "OH-007", "nyc_waters": "Gowanus Canal", "bbl": "3009900001.0", "secondary_": null, "community_": "306.0", "city_counc": "39.0", "assembly_d": "52.0", "asset_leng": "20.0", "asset_widt": "7.5", "asset_area": "150.0", "gi_feature": "Standard", "tree_latin": "No Tree", "tree_commo": "N/A", "constructi": null, "construc_1": null, "program_ar": "Right of Way (ROW)", "status_gro": "Constructed", "constructe": "2014/05/01 00:00:00.000"}, "geometry": {"type": "Point", "coordinates": [-73.99084630850518, 40.673801177953926]}}, {"type": "Feature", "properties": {"asset_id": "149597.0", "gi_id": "GH_1", "row_onsite": "Onsite", "project_na": "Gil Hodges", "asset_type": "Permeable Pavers", "status": "Constructed", "asset_x_co": "988484.52269", "asset_y_co": "185679.95473", "borough": "Brooklyn", "sewer_type": "Combined", "outfall": "OH-007", "nyc_waters": "Gowanus Canal", "bbl": "3004560014.0", "secondary_": null, "community_": "306.0", "city_counc": "39.0", "assembly_d": "52.0", "asset_leng": "0.0", "asset_widt": "0.0", "asset_area": "513.0", "gi_feature": null, "tree_latin": null, "tree_commo": null, "constructi": null, "construc_1": null, "program_ar": "Incentivized", "status_gro": "Constructed", "constructe": "2013/08/30 00:00:00.000"}, "geometry": {"type": "Point", "coordinates": [-73.98473381852344, 40.67632428799362]}}, {"type": "Feature", "properties": {"asset_id": "189443.0", "gi_id": "PP7070", "row_onsite": "ROW", "project_na": "DDC OH15 Phase 4", "asset_type": "ROW Porous Concrete", "status": "90% Design Submitted", "asset_x_co": "984712.1755", "asset_y_co": "160743.9132", "borough": "Brooklyn", "sewer_type": "Combined", "outfall": "OH-015", "nyc_waters": "East River / Open Waters", "bbl": "3063160001.0", "secondary_": null, "community_": "311.0", "city_counc": "38.0", "assembly_d": "47.0", "asset_leng": "76.0", "asset_widt": "4.0", "asset_area": "304.0", "gi_feature": null, "tree_latin": null, "tree_commo": null, "constructi": "GKOH15-04", "construc_1": "1", "program_ar": "Right of Way (ROW)", "status_gro": "Final Design", "constructe": null}, "geometry": {"type": "Point", "coordinates": [-73.99833548592048, 40.60788121175993]}}, {"type": "Feature", "properties": {"asset_id": "189400", "gi_id": "PP6100", "row_onsite": "ROW", "project_na": "DDC OH15 Phase 4", "asset_type": "ROW Porous Concrete", "status": "90% Design Submitted", "asset_x_co": "985682.6156", "asset_y_co": "160834.6282", "borough": "Brooklyn", "sewer_type": "Combined", "outfall": "OH-015", "nyc_waters": "East River / Open Waters", "bbl": "3062740052.0", "secondary_": null, "community_": "311.0", "city_counc": "43.0", "assembly_d": "49.0", "asset_leng": "360.0", "asset_widt": "2.0", "asset_area": "720.0", "gi_feature": null, "tree_latin": null, "tree_commo": null, "constructi": "GKOH15-04", "construc_1": "1", "program_ar": "Right of Way (ROW)", "status_gro": "Final Design", "constructe": null}, "geometry": {"type": "Point", "coordinates": [-73.99484045067945, 40.608130102217125]}}, {"type": "Feature", "properties": {"asset_id": "189439.0", "gi_id": "PP7064.2", "row_onsite": "ROW", "project_na": "DDC OH15 Phase 4", "asset_type": "ROW Porous Concrete", "status": "90% Design Submitted", "asset_x_co": "984726.7486", "asset_y_co": "160762.29", "borough": "Brooklyn", "sewer_type": "Combined", "outfall": "OH-015", "nyc_waters": "East River / Open Waters", "bbl": "3063160037.0", "secondary_": null, "community_": "311.0", "city_counc": "38.0", "assembly_d": "47.0", "asset_leng": "71.0", "asset_widt": "4.0", "asset_area": "284.0", "gi_feature": null, "tree_latin": null, "tree_commo": null, "constructi": "GKOH15-04", "construc_1": "1", "program_ar": "Right of Way (ROW)", "status_gro": "Final Design", "constructe": null}, "geometry": {"type": "Point", "coordinates": [-73.9982829998372, 40.607931651902284]}}, {"type": "Feature", "properties": {"asset_id": "189366.0", "gi_id": "PP6007", "row_onsite": "ROW", "project_na": "DDC OH15 Phase 4", "asset_type": "ROW Porous Concrete", "status": "90% Design Submitted", "asset_x_co": "983881.02", "asset_y_co": "163551.55", "borough": "Brooklyn", "sewer_type": "Combined", "outfall": "OH-015", "nyc_waters": "East River / Open Waters", "bbl": "3062360008.0", "secondary_": null, "community_": "311.0", "city_counc": "38.0", "assembly_d": "49.0", "asset_leng": "340.0", "asset_widt": "4.0", "asset_area": "1360.0", "gi_feature": null, "tree_latin": null, "tree_commo": null, "constructi": "GKOH15-04", "construc_1": "1", "program_ar": "Right of Way (ROW)", "status_gro": "Final Design", "constructe": null}, "geometry": {"type": "Point", "coordinates": [-74.00132902560584, 40.61558760114842]}}, {"type": "Feature", "properties": {"asset_id": "188404.0", "gi_id": "DW2", "row_onsite": "Onsite", "project_na": "Leif Ericson Park - Comfort Station Construction", "asset_type": "Drywell", "status": "Constructed", "asset_x_co": "980636.0", "asset_y_co": "169315.0", "borough": "Brooklyn", "sewer_type": "Combined", "outfall": "OH-002", "nyc_waters": "East River / Open Waters", "bbl": "3057560001.0", "secondary_": null, "community_": "310.0", "city_counc": "38.0", "assembly_d": "49.0", "asset_leng": "0.0", "asset_widt": "0.0", "asset_area": "12.56", "gi_feature": null, "tree_latin": null, "tree_commo": null, "constructi": null, "construc_1": null, "program_ar": "External", "status_gro": "Constructed", "constructe": "2016/05/01 00:00:00.000"}, "geometry": {"type": "Point", "coordinates": [-74.01302032122524, 40.6314063364926]}}, {"type": "Feature", "properties": {"asset_id": "189346.0", "gi_id": "PP5039", "row_onsite": "ROW", "project_na": "DDC OH15 Phase 4", "asset_type": "ROW Porous Concrete", "status": "90% Design Submitted", "asset_x_co": "982507.64", "asset_y_co": "164384.9", "borough": "Brooklyn", "sewer_type": "Combined", "outfall": "OH-015", "nyc_waters": "East River / Open Waters", "bbl": "3062340001.0", "secondary_": null, "community_": "311.0", "city_counc": "38.0", "assembly_d": "49.0", "asset_leng": "170.0", "asset_widt": "4.0", "asset_area": "680.0", "gi_feature": null, "tree_latin": null, "tree_commo": null, "constructi": "GKOH15-04", "construc_1": "1", "program_ar": "Right of Way (ROW)", "status_gro": "Final Design", "constructe": null}, "geometry": {"type": "Point", "coordinates": [-74.00627600678145, 40.61787481066443]}}, {"type": "Feature", "properties": {"asset_id": "189415.0", "gi_id": "PP6120-1", "row_onsite": "ROW", "project_na": "DDC OH15 Phase 4", "asset_type": "ROW Porous Concrete", "status": "90% Design Submitted", "asset_x_co": "986533.38", "asset_y_co": "160530.55", "borough": "Brooklyn", "sewer_type": "Combined", "outfall": "OH-015", "nyc_waters": "East River / Open Waters", "bbl": "3062640005.0", "secondary_": null, "community_": "311.0", "city_counc": "43.0", "assembly_d": "47.0", "asset_leng": "100.0", "asset_widt": "4.0", "asset_area": "400.0", "gi_feature": null, "tree_latin": null, "tree_commo": null, "constructi": "GKOH15-04", "construc_1": "1", "program_ar": "Right of Way (ROW)", "status_gro": "Final Design", "constructe": null}, "geometry": {"type": "Point", "coordinates": [-73.99177653488613, 40.60729529161646]}}, {"type": "Feature", "properties": {"asset_id": "189422.0", "gi_id": "PP7013-2", "row_onsite": "ROW", "project_na": "DDC OH15 Phase 4", "asset_type": "ROW Porous Concrete", "status": "90% Design Submitted", "asset_x_co": "983529.8888", "asset_y_co": "161423.7531", "borough": "Brooklyn", "sewer_type": "Combined", "outfall": "OH-015", "nyc_waters": "East River / Open Waters", "bbl": "3063130048.0", "secondary_": null, "community_": "311.0", "city_counc": "38.0", "assembly_d": "47.0", "asset_leng": "262.0", "asset_widt": "4.0", "asset_area": "1048.0", "gi_feature": null, "tree_latin": null, "tree_commo": null, "constructi": "GKOH15-04", "construc_1": "1", "program_ar": "Right of Way (ROW)", "status_gro": "Final Design", "constructe": null}, "geometry": {"type": "Point", "coordinates": [-74.00259353511069, 40.60974721554786]}}, {"type": "Feature", "properties": {"asset_id": "183978.0", "gi_id": "IB8D", "row_onsite": "ROW", "project_na": "Gravesend", "asset_type": "ROW Infiltration Basin with Concrete Top", "status": "Constructed (Full Maintenance)", "asset_x_co": "990534.85", "asset_y_co": "160879.2687", "borough": "Brooklyn", "sewer_type": "Combined", "outfall": "OH-021", "nyc_waters": "Coney Island Creek", "bbl": "3066280004.0", "secondary_": null, "community_": "311.0", "city_counc": "44.0", "assembly_d": "47.0", "asset_leng": "10.0", "asset_widt": "5.0", "asset_area": "50.0", "gi_feature": "Standard", "tree_latin": "No Tree", "tree_commo": "N/A", "constructi": "GI-NYR-3", "construc_1": "1", "program_ar": "Right of Way (ROW)", "status_gro": "Constructed", "constructe": "2021/05/25 00:00:00.000"}, "geometry": {"type": "Point", "coordinates": [-73.97736514037388, 40.608250518731694]}}, {"type": "Feature", "properties": {"asset_id": "189308.0", "gi_id": "PP4017-1", "row_onsite": "ROW", "project_na": "DDC OH15 Phase 4", "asset_type": "ROW Porous Concrete", "status": "90% Design Submitted", "asset_x_co": "985484.44", "asset_y_co": "162994.97", "borough": "Brooklyn", "sewer_type": "Combined", "outfall": "OH-015", "nyc_waters": "East River / Open Waters", "bbl": "3062150042.0", "secondary_": null, "community_": "311.0", "city_counc": "43.0", "assembly_d": "49.0", "asset_leng": "238.0", "asset_widt": "4.0", "asset_area": "952.0", "gi_feature": null, "tree_latin": null, "tree_commo": null, "constructi": "GKOH15-04", "construc_1": "1", "program_ar": "Right of Way (ROW)", "status_gro": "Final Design", "constructe": null}, "geometry": {"type": "Point", "coordinates": [-73.99555378250798, 40.61405982599718]}}, {"type": "Feature", "properties": {"asset_id": "189462.0", "gi_id": "PP7096.2-1", "row_onsite": "ROW", "project_na": "DDC OH15 Phase 4", "asset_type": "ROW Porous Concrete", "status": "90% Design Submitted", "asset_x_co": "984953.211", "asset_y_co": "159792.4283", "borough": "Brooklyn", "sewer_type": "Combined", "outfall": "OH-015", "nyc_waters": "East River / Open Waters", "bbl": "3063340001.0", "secondary_": null, "community_": "311.0", "city_counc": "43.0", "assembly_d": "47.0", "asset_leng": "95.0", "asset_widt": "4.0", "asset_area": "380.0", "gi_feature": null, "tree_latin": null, "tree_commo": null, "constructi": "GKOH15-04", "construc_1": "1", "program_ar": "Right of Way (ROW)", "status_gro": "Final Design", "constructe": null}, "geometry": {"type": "Point", "coordinates": [-73.99746750229832, 40.60526956415336]}}, {"type": "Feature", "properties": {"asset_id": "189351.0", "gi_id": "PP5053", "row_onsite": "ROW", "project_na": "DDC OH15 Phase 4", "asset_type": "ROW Porous Concrete", "status": "90% Design Submitted", "asset_x_co": "982151.95", "asset_y_co": "164003.41", "borough": "Brooklyn", "sewer_type": "Combined", "outfall": "OH-015", "nyc_waters": "East River / Open Waters", "bbl": "3062560040.0", "secondary_": null, "community_": "310.0", "city_counc": "38.0", "assembly_d": "49.0", "asset_leng": "170.0", "asset_widt": "4.0", "asset_area": "680.0", "gi_feature": null, "tree_latin": null, "tree_commo": null, "constructi": "GKOH15-04", "construc_1": "1", "program_ar": "Right of Way (ROW)", "status_gro": "Final Design", "constructe": null}, "geometry": {"type": "Point", "coordinates": [-74.0075570885551, 40.616827622518834]}}, {"type": "Feature", "properties": {"asset_id": "189451.0", "gi_id": "PP7083.2", "row_onsite": "ROW", "project_na": "DDC OH15 Phase 4", "asset_type": "ROW Porous Concrete", "status": "90% Design Submitted", "asset_x_co": "985276.272", "asset_y_co": "160199.8966", "borough": "Brooklyn", "sewer_type": "Combined", "outfall": "OH-015", "nyc_waters": "East River / Open Waters", "bbl": "3063170071.0", "secondary_": null, "community_": "311.0", "city_counc": "43.0", "assembly_d": "47.0", "asset_leng": "170.0", "asset_widt": "4.0", "asset_area": "680.0", "gi_feature": null, "tree_latin": null, "tree_commo": null, "constructi": "GKOH15-04", "construc_1": "1", "program_ar": "Right of Way (ROW)", "status_gro": "Final Design", "constructe": null}, "geometry": {"type": "Point", "coordinates": [-73.99630398944618, 40.606387950027035]}}, {"type": "Feature", "properties": {"asset_id": "189331.0", "gi_id": "PP4069", "row_onsite": "ROW", "project_na": "DDC OH15 Phase 4", "asset_type": "ROW Porous Concrete", "status": "90% Design Submitted", "asset_x_co": "987331.87", "asset_y_co": "161606.85", "borough": "Brooklyn", "sewer_type": "Combined", "outfall": "OH-015", "nyc_waters": "East River / Open Waters", "bbl": "3062070041.0", "secondary_": null, "community_": "311.0", "city_counc": "43.0", "assembly_d": "49.0", "asset_leng": "170.0", "asset_widt": "2.0", "asset_area": "340.0", "gi_feature": null, "tree_latin": null, "tree_commo": null, "constructi": "GKOH15-04", "construc_1": "1", "program_ar": "Right of Way (ROW)", "status_gro": "Final Design", "constructe": null}, "geometry": {"type": "Point", "coordinates": [-73.98890032595153, 40.61024927274114]}}, {"type": "Feature", "properties": {"asset_id": "189341.0", "gi_id": "PP5026", "row_onsite": "ROW", "project_na": "DDC OH15 Phase 4", "asset_type": "ROW Porous Concrete", "status": "90% Design Submitted", "asset_x_co": "982572.16", "asset_y_co": "164588.75", "borough": "Brooklyn", "sewer_type": "Combined", "outfall": "OH-015", "nyc_waters": "East River / Open Waters", "bbl": "3062330016.0", "secondary_": null, "community_": "310.0", "city_counc": "38.0", "assembly_d": "49.0", "asset_leng": "670.0", "asset_widt": "4.0", "asset_area": "2680.0", "gi_feature": null, "tree_latin": null, "tree_commo": null, "constructi": "GKOH15-04", "construc_1": "1", "program_ar": "Right of Way (ROW)", "status_gro": "Final Design", "constructe": null}, "geometry": {"type": "Point", "coordinates": [-74.00604365586062, 40.61843434899965]}}, {"type": "Feature", "properties": {"asset_id": "183983.0", "gi_id": "IB82-1A", "row_onsite": "ROW", "project_na": "Gravesend", "asset_type": "ROW Infiltration Basin with Concrete Top", "status": "Constructed (Full Maintenance)", "asset_x_co": "990826.2", "asset_y_co": "159807.18", "borough": "Brooklyn", "sewer_type": "Combined", "outfall": "OH-021", "nyc_waters": "Coney Island Creek", "bbl": "3066530019.0", "secondary_": null, "community_": "311.0", "city_counc": "44.0", "assembly_d": "47.0", "asset_leng": "18.0", "asset_widt": "5.0", "asset_area": "90.0", "gi_feature": "Type C - SW Chamber", "tree_latin": "No Tree", "tree_commo": "N/A", "constructi": "GI-NYR-3", "construc_1": "1", "program_ar": "Right of Way (ROW)", "status_gro": "Constructed", "constructe": "2021/05/25 00:00:00.000"}, "geometry": {"type": "Point", "coordinates": [-73.97631688807905, 40.605307643040184]}}, {"type": "Feature", "properties": {"asset_id": "187193.0", "gi_id": "B372-01RGa", "row_onsite": "Onsite", "project_na": "Friends Field - PG Expansion", "asset_type": "Rain Garden", "status": "Constructed", "asset_x_co": "991171.111", "asset_y_co": "164636.839", "borough": "Brooklyn", "sewer_type": "Combined", "outfall": "OH-015", "nyc_waters": "East River / Open Waters", "bbl": "3065380001.0", "secondary_": null, "community_": "312.0", "city_counc": "44.0", "assembly_d": "48.0", "asset_leng": "38.0", "asset_widt": "11.0", "asset_area": "418.5", "gi_feature": null, "tree_latin": null, "tree_commo": null, "constructi": null, "construc_1": null, "program_ar": "External", "status_gro": "Constructed", "constructe": "2019/12/01 00:00:00.000"}, "geometry": {"type": "Point", "coordinates": [-73.97506979712036, 40.61856379929703]}}, {"type": "Feature", "properties": {"asset_id": "189127.0", "gi_id": "B-1", "row_onsite": "ROW", "project_na": "Downtown BK Traffic Calming", "asset_type": "ROWB", "status": "Constructed (Full Maintenance)", "asset_x_co": "987670.336", "asset_y_co": "185190.591", "borough": "Brooklyn", "sewer_type": "Combined", "outfall": "OH-005", "nyc_waters": "Gowanus Canal", "bbl": "3009680001.0", "secondary_": null, "community_": "306.0", "city_counc": "39.0", "assembly_d": "52.0", "asset_leng": "20.0", "asset_widt": "5.0", "asset_area": "100.0", "gi_feature": "Standard", "tree_latin": "No Tree", "tree_commo": "N/A", "constructi": "HWK1153A", "construc_1": "1", "program_ar": "Right of Way (ROW)", "status_gro": "Constructed", "constructe": "2013/09/15 00:00:00.000"}, "geometry": {"type": "Point", "coordinates": [-73.98766934966731, 40.67498144653851]}}, {"type": "Feature", "properties": {"asset_id": "184399.0", "gi_id": "RG1", "row_onsite": "Onsite", "project_na": "Gravesend Park - Comfort Station Construction", "asset_type": "Rain Garden", "status": "Constructed", "asset_x_co": "988433.387", "asset_y_co": "166610.572", "borough": "Brooklyn", "sewer_type": "Combined", "outfall": "OH-015", "nyc_waters": "East River / Open Waters", "bbl": "3054940008.0", "secondary_": null, "community_": "312.0", "city_counc": "44.0", "assembly_d": "48.0", "asset_leng": "0.0", "asset_widt": "0.0", "asset_area": "323.47", "gi_feature": null, "tree_latin": null, "tree_commo": null, "constructi": null, "construc_1": null, "program_ar": "External", "status_gro": "Constructed", "constructe": "2017/12/01 00:00:00.000"}, "geometry": {"type": "Point", "coordinates": [-73.984929998885, 40.623983000162006]}}, {"type": "Feature", "properties": {"asset_id": "104909.0", "gi_id": "60-1A", "row_onsite": "ROW", "project_na": "OGI Design Area 1 (OH-007)", "asset_type": "ROWB", "status": "Constructed (Full Maintenance)", "asset_x_co": "992072.57", "asset_y_co": "183662.754", "borough": "Brooklyn", "sewer_type": "Combined", "outfall": "OH-007", "nyc_waters": "Gowanus Canal", "bbl": "3010720040.0", "secondary_": null, "community_": "306.0", "city_counc": "39.0", "assembly_d": "52.0", "asset_leng": "10.0", "asset_widt": "5.0", "asset_area": "50.0", "gi_feature": "Type A - Stone Columns", "tree_latin": "No Tree", "tree_commo": "N/A", "constructi": "GKRH34-02-GKOH07-02", "construc_1": "Stage-1", "program_ar": "Right of Way (ROW)", "status_gro": "Constructed", "constructe": "2016/09/15 00:00:00.000"}, "geometry": {"type": "Point", "coordinates": [-73.97180063369748, 40.67078508205339]}}, {"type": "Feature", "properties": {"asset_id": "189404.0", "gi_id": "PP6107", "row_onsite": "ROW", "project_na": "DDC OH15 Phase 4", "asset_type": "ROW Porous Concrete", "status": "90% Design Submitted", "asset_x_co": "987532.6736", "asset_y_co": "160657.2851", "borough": "Brooklyn", "sewer_type": "Combined", "outfall": "OH-015", "nyc_waters": "East River / Open Waters", "bbl": "3062410035.0", "secondary_": null, "community_": "311.0", "city_counc": "43.0", "assembly_d": "47.0", "asset_leng": "670.0", "asset_widt": "4.0", "asset_area": "2680.0", "gi_feature": null, "tree_latin": null, "tree_commo": null, "constructi": "GKOH15-04", "construc_1": "1", "program_ar": "Right of Way (ROW)", "status_gro": "Final Design", "constructe": null}, "geometry": {"type": "Point", "coordinates": [-73.98817757330052, 40.60764283936483]}}, {"type": "Feature", "properties": {"asset_id": "189466.0", "gi_id": "PP7100-1", "row_onsite": "ROW", "project_na": "DDC OH15 Phase 4", "asset_type": "ROW Porous Concrete", "status": "90% Design Submitted", "asset_x_co": "986038.4756", "asset_y_co": "159850.8106", "borough": "Brooklyn", "sewer_type": "Combined", "outfall": "OH-015", "nyc_waters": "East River / Open Waters", "bbl": "3063180011.0", "secondary_": null, "community_": "311.0", "city_counc": "43.0", "assembly_d": "47.0", "asset_leng": "130.0", "asset_widt": "4.0", "asset_area": "520.0", "gi_feature": null, "tree_latin": null, "tree_commo": null, "constructi": "GKOH15-04", "construc_1": "1", "program_ar": "Right of Way (ROW)", "status_gro": "Final Design", "constructe": null}, "geometry": {"type": "Point", "coordinates": [-73.99355908465147, 40.60542965943188]}}, {"type": "Feature", "properties": {"asset_id": "188810.0", "gi_id": "PP8132", "row_onsite": "ROW", "project_na": "DDC OH15 Phase 4", "asset_type": "ROW Porous Concrete", "status": "90% Design Submitted", "asset_x_co": "983842.1085", "asset_y_co": "158457.342", "borough": "Brooklyn", "sewer_type": "Combined", "outfall": "OH-015", "nyc_waters": "East River / Open Waters", "bbl": "3064080032.0", "secondary_": null, "community_": "311.0", "city_counc": "38.0", "assembly_d": "47.0", "asset_leng": "437.0", "asset_widt": "2.0", "asset_area": "874.0", "gi_feature": null, "tree_latin": null, "tree_commo": null, "constructi": "GKOH15-04", "construc_1": "1", "program_ar": "Right of Way (ROW)", "status_gro": "Final Design", "constructe": null}, "geometry": {"type": "Point", "coordinates": [-74.00146887352693, 40.601605042701316]}}, {"type": "Feature", "properties": {"asset_id": "189321.0", "gi_id": "PP4056", "row_onsite": "ROW", "project_na": "DDC OH15 Phase 4", "asset_type": "ROW Porous Concrete", "status": "90% Design Submitted", "asset_x_co": "987389.87", "asset_y_co": "162811.64", "borough": "Brooklyn", "sewer_type": "Combined", "outfall": "OH-015", "nyc_waters": "East River / Open Waters", "bbl": "3061740012.0", "secondary_": null, "community_": "311.0", "city_counc": "43.0", "assembly_d": "49.0", "asset_leng": "312.0", "asset_widt": "4.0", "asset_area": "1248.0", "gi_feature": null, "tree_latin": null, "tree_commo": null, "constructi": "GKOH15-04", "construc_1": "1", "program_ar": "Right of Way (ROW)", "status_gro": "Final Design", "constructe": null}, "geometry": {"type": "Point", "coordinates": [-73.9886908731692, 40.613556152614976]}}, {"type": "Feature", "properties": {"asset_id": "188801.0", "gi_id": "PP8112", "row_onsite": "ROW", "project_na": "DDC OH15 Phase 4", "asset_type": "ROW Porous Concrete", "status": "90% Design Submitted", "asset_x_co": "982411.1118", "asset_y_co": "158743.6528", "borough": "Brooklyn", "sewer_type": "Combined", "outfall": "OH-015", "nyc_waters": "East River / Open Waters", "bbl": "3064370028.0", "secondary_": null, "community_": "311.0", "city_counc": "47.0", "assembly_d": "47.0", "asset_leng": "464.0", "asset_widt": "4.0", "asset_area": "1856.0", "gi_feature": null, "tree_latin": null, "tree_commo": null, "constructi": "GKOH15-04", "construc_1": "1", "program_ar": "Right of Way (ROW)", "status_gro": "Final Design", "constructe": null}, "geometry": {"type": "Point", "coordinates": [-74.00662216601269, 40.602390726223106]}}, {"type": "Feature", "properties": {"asset_id": "189434.0", "gi_id": "PP7047-1", "row_onsite": "ROW", "project_na": "DDC OH15 Phase 4", "asset_type": "ROW Porous Concrete", "status": "90% Design Submitted", "asset_x_co": "985139.0202", "asset_y_co": "161227.4314", "borough": "Brooklyn", "sewer_type": "Combined", "outfall": "OH-015", "nyc_waters": "East River / Open Waters", "bbl": "3062860014.0", "secondary_": null, "community_": "311.0", "city_counc": "38.0", "assembly_d": "49.0", "asset_leng": "310.0", "asset_widt": "4.0", "asset_area": "1240.0", "gi_feature": null, "tree_latin": null, "tree_commo": null, "constructi": "GKOH15-04", "construc_1": "1", "program_ar": "Right of Way (ROW)", "status_gro": "Final Design", "constructe": null}, "geometry": {"type": "Point", "coordinates": [-73.99679815176312, 40.60920833809752]}}, {"type": "Feature", "properties": {"asset_id": "189371.0", "gi_id": "PP6049", "row_onsite": "ROW", "project_na": "DDC OH15 Phase 4", "asset_type": "ROW Porous Concrete", "status": "90% Design Submitted", "asset_x_co": "985698.8237", "asset_y_co": "162110.7619", "borough": "Brooklyn", "sewer_type": "Combined", "outfall": "OH-015", "nyc_waters": "East River / Open Waters", "bbl": "3062380009.0", "secondary_": null, "community_": "311.0", "city_counc": "43.0", "assembly_d": "49.0", "asset_leng": "270.0", "asset_widt": "4.0", "asset_area": "1080.0", "gi_feature": null, "tree_latin": null, "tree_commo": null, "constructi": "GKOH15-04", "construc_1": "1", "program_ar": "Right of Way (ROW)", "status_gro": "Final Design", "constructe": null}, "geometry": {"type": "Point", "coordinates": [-73.99478180287639, 40.61163282429459]}}, {"type": "Feature", "properties": {"asset_id": "181778.0", "gi_id": "K204-02STa", "row_onsite": "Onsite", "project_na": "P.S. 204 K", "asset_type": "Synthetic Turf Field Storage Layer", "status": "Constructed", "asset_x_co": "982621.988", "asset_y_co": "162673.797", "borough": "Brooklyn", "sewer_type": "Combined", "outfall": "OH-017", "nyc_waters": "East River / Open Waters", "bbl": "3062940001.0", "secondary_": null, "community_": "311.0", "city_counc": "38.0", "assembly_d": "49.0", "asset_leng": "100.0", "asset_widt": "60.0", "asset_area": "6465.0", "gi_feature": null, "tree_latin": null, "tree_commo": null, "constructi": null, "construc_1": null, "program_ar": "Public Onsite", "status_gro": "Constructed", "constructe": "2023/12/15 00:00:00.000"}, "geometry": {"type": "Point", "coordinates": [-74.00586371030323, 40.613178209055725]}}, {"type": "Feature", "properties": {"asset_id": "189326.0", "gi_id": "PP4062", "row_onsite": "ROW", "project_na": "DDC OH15 Phase 4", "asset_type": "ROW Porous Concrete", "status": "90% Design Submitted", "asset_x_co": "987077.42", "asset_y_co": "162472.17", "borough": "Brooklyn", "sewer_type": "Combined", "outfall": "OH-015", "nyc_waters": "East River / Open Waters", "bbl": "3061850002.0", "secondary_": null, "community_": "311.0", "city_counc": "43.0", "assembly_d": "49.0", "asset_leng": "170.0", "asset_widt": "4.0", "asset_area": "680.0", "gi_feature": null, "tree_latin": null, "tree_commo": null, "constructi": "GKOH15-04", "construc_1": "1", "program_ar": "Right of Way (ROW)", "status_gro": "Final Design", "constructe": null}, "geometry": {"type": "Point", "coordinates": [-73.98981639262527, 40.612624482353645]}}, {"type": "Feature", "properties": {"asset_id": "189386.0", "gi_id": "PP6083", "row_onsite": "ROW", "project_na": "DDC OH15 Phase 4", "asset_type": "ROW Porous Concrete", "status": "90% Design Submitted", "asset_x_co": "985071.4988", "asset_y_co": "161319.2211", "borough": "Brooklyn", "sewer_type": "Combined", "outfall": "OH-015", "nyc_waters": "East River / Open Waters", "bbl": "3062730001.0", "secondary_": null, "community_": "311.0", "city_counc": "43.0", "assembly_d": "49.0", "asset_leng": "530.0", "asset_widt": "2.0", "asset_area": "1060.0", "gi_feature": null, "tree_latin": null, "tree_commo": null, "constructi": "GKOH15-04", "construc_1": "1", "program_ar": "Right of Way (ROW)", "status_gro": "Final Design", "constructe": null}, "geometry": {"type": "Point", "coordinates": [-73.99704132253717, 40.60946028799933]}}, {"type": "Feature", "properties": {"asset_id": "190851.0", "gi_id": "GRWD-D-PP", "row_onsite": "Onsite", "project_na": "Green-Wood Cemetery", "asset_type": "Permeable Pavers", "status": "Constructed", "asset_x_co": "986954.00002", "asset_y_co": "176868.00002", "borough": "Brooklyn", "sewer_type": "Combined", "outfall": "OH-004", "nyc_waters": "East River / Open Waters", "bbl": "3009020003.0", "secondary_": null, "community_": "307.0", "city_counc": "38.0", "assembly_d": "51.0", "asset_leng": "0.0", "asset_widt": "0.0", "asset_area": "688.0", "gi_feature": null, "tree_latin": null, "tree_commo": null, "constructi": null, "construc_1": null, "program_ar": "Incentivized", "status_gro": "Constructed", "constructe": "2024/06/21 00:00:00.000"}, "geometry": {"type": "Point", "coordinates": [-73.99025514915292, 40.65213802499484]}}, {"type": "Feature", "properties": {"asset_id": "184413.0", "gi_id": "RG1", "row_onsite": "Onsite", "project_na": "Seth Low PG / Bealin Square / McKinley Park - McKinley Park and Seth Low PG Synthetic Turf Ballfield Reconstruction", "asset_type": "Rain Garden", "status": "Constructed", "asset_x_co": "979205.584", "asset_y_co": "166979.798", "borough": "Brooklyn", "sewer_type": "Combined", "outfall": "OH-018", "nyc_waters": "East River / Open Waters", "bbl": "3059440001.0", "secondary_": null, "community_": "310.0", "city_counc": "38.0", "assembly_d": "49.0", "asset_leng": "112.0", "asset_widt": "10.0", "asset_area": "1120.0", "gi_feature": null, "tree_latin": null, "tree_commo": null, "constructi": null, "construc_1": null, "program_ar": "External", "status_gro": "Constructed", "constructe": "2018/03/01 00:00:00.000"}, "geometry": {"type": "Point", "coordinates": [-74.01817200057052, 40.62499599965797]}}, {"type": "Feature", "properties": {"asset_id": "189426.0", "gi_id": "PP7035", "row_onsite": "ROW", "project_na": "DDC OH15 Phase 4", "asset_type": "ROW Porous Concrete", "status": "90% Design Submitted", "asset_x_co": "984891.2855", "asset_y_co": "161091.9738", "borough": "Brooklyn", "sewer_type": "Combined", "outfall": "OH-015", "nyc_waters": "East River / Open Waters", "bbl": "3062960023.0", "secondary_": null, "community_": "311.0", "city_counc": "38.0", "assembly_d": "49.0", "asset_leng": "354.0", "asset_widt": "4.0", "asset_area": "1416.0", "gi_feature": null, "tree_latin": null, "tree_commo": null, "constructi": "GKOH15-04", "construc_1": "1", "program_ar": "Right of Way (ROW)", "status_gro": "Final Design", "constructe": null}, "geometry": {"type": "Point", "coordinates": [-73.99769039300267, 40.608836555788905]}}, {"type": "Feature", "properties": {"asset_id": "160074.0", "gi_id": "28A", "row_onsite": "ROW", "project_na": "Gravesend", "asset_type": "ROWB", "status": "Constructed (Full Maintenance)", "asset_x_co": "989961.65", "asset_y_co": "160089.31", "borough": "Brooklyn", "sewer_type": "Combined", "outfall": "OH-021", "nyc_waters": "Coney Island Creek", "bbl": "3066250034.0", "secondary_": null, "community_": "311.0", "city_counc": "43.0", "assembly_d": "47.0", "asset_leng": "10.0", "asset_widt": "5.0", "asset_area": "50.0", "gi_feature": "Standard", "tree_latin": "No Tree", "tree_commo": "N/A", "constructi": "GI-NYR-3", "construc_1": "1", "program_ar": "Right of Way (ROW)", "status_gro": "Constructed", "constructe": "2021/05/25 00:00:00.000"}, "geometry": {"type": "Point", "coordinates": [-73.97943018555534, 40.60608263170621]}}, {"type": "Feature", "properties": {"asset_id": "184047.0", "gi_id": "AVC_1", "row_onsite": "Onsite", "project_na": "188 Avenue C", "asset_type": "Green Roof", "status": "Constructed", "asset_x_co": "990945.0", "asset_y_co": "204129.0", "borough": "Manhattan", "sewer_type": "Combined", "outfall": "OH-015", "nyc_waters": "East River / Open Waters", "bbl": "1003820001.0", "secondary_": null, "community_": "103.0", "city_counc": "2.0", "assembly_d": "74.0", "asset_leng": "0.0", "asset_widt": "0.0", "asset_area": "14971.56", "gi_feature": null, "tree_latin": null, "tree_commo": null, "constructi": null, "construc_1": null, "program_ar": "External", "status_gro": "Constructed", "constructe": "2019/01/01 00:00:00.000"}, "geometry": {"type": "Point", "coordinates": [-73.97584503476456, 40.72696107263964]}}, {"type": "Feature", "properties": {"asset_id": "189447.0", "gi_id": "PP7075", "row_onsite": "ROW", "project_na": "DDC OH15 Phase 4", "asset_type": "ROW Porous Concrete", "status": "90% Design Submitted", "asset_x_co": "985198.1799", "asset_y_co": "160223.4654", "borough": "Brooklyn", "sewer_type": "Combined", "outfall": "OH-015", "nyc_waters": "East River / Open Waters", "bbl": "3063160056.0", "secondary_": null, "community_": "311.0", "city_counc": "38.0", "assembly_d": "47.0", "asset_leng": "666.0", "asset_widt": "2.0", "asset_area": "1332.0", "gi_feature": null, "tree_latin": null, "tree_commo": null, "constructi": "GKOH15-04", "construc_1": "1", "program_ar": "Right of Way (ROW)", "status_gro": "Final Design", "constructe": null}, "geometry": {"type": "Point", "coordinates": [-73.99658522641174, 40.60645265040476]}}, {"type": "Feature", "properties": {"asset_id": "158164.0", "gi_id": "F3", "row_onsite": "ROW", "project_na": "Flushing-Gowanus EBP 2010", "asset_type": "ROWB", "status": "Constructed (Full Maintenance)", "asset_x_co": "987644.9039", "asset_y_co": "184276.5275", "borough": "Brooklyn", "sewer_type": "Combined", "outfall": "OH-007", "nyc_waters": "Gowanus Canal", "bbl": "3009800095.0", "secondary_": null, "community_": "306.0", "city_counc": "39.0", "assembly_d": "52.0", "asset_leng": "20.0", "asset_widt": "8.5", "asset_area": "170.0", "gi_feature": "Standard", "tree_latin": "Nyssa sylvatica", "tree_commo": "Blackgum", "constructi": null, "construc_1": null, "program_ar": "Right of Way (ROW)", "status_gro": "Constructed", "constructe": "2014/05/01 00:00:00.000"}, "geometry": {"type": "Point", "coordinates": [-73.98776149507216, 40.672472557552176]}}, {"type": "Feature", "properties": {"asset_id": "188804.0", "gi_id": "PP8118", "row_onsite": "ROW", "project_na": "DDC OH15 Phase 4", "asset_type": "ROW Porous Concrete", "status": "90% Design Submitted", "asset_x_co": "985210.3507", "asset_y_co": "158928.2978", "borough": "Brooklyn", "sewer_type": "Combined", "outfall": "OH-015", "nyc_waters": "East River / Open Waters", "bbl": "3063770068.0", "secondary_": null, "community_": "311.0", "city_counc": "43.0", "assembly_d": "47.0", "asset_leng": "521.0", "asset_widt": "2.0", "asset_area": "1042.0", "gi_feature": null, "tree_latin": null, "tree_commo": null, "constructi": "GKOH15-04", "construc_1": "1", "program_ar": "Right of Way (ROW)", "status_gro": "Final Design", "constructe": null}, "geometry": {"type": "Point", "coordinates": [-73.99654157827833, 40.602897677875525]}}, {"type": "Feature", "properties": {"asset_id": "189313.0", "gi_id": "PP4036", "row_onsite": "ROW", "project_na": "DDC OH15 Phase 4", "asset_type": "ROW Porous Concrete", "status": "90% Design Submitted", "asset_x_co": "985570.69", "asset_y_co": "162926.72", "borough": "Brooklyn", "sewer_type": "Combined", "outfall": "OH-015", "nyc_waters": "East River / Open Waters", "bbl": "3062160021.0", "secondary_": null, "community_": "311.0", "city_counc": "43.0", "assembly_d": "49.0", "asset_leng": "473.0", "asset_widt": "4.0", "asset_area": "1892.0", "gi_feature": null, "tree_latin": null, "tree_commo": null, "constructi": "GKOH15-04", "construc_1": "1", "program_ar": "Right of Way (ROW)", "status_gro": "Final Design", "constructe": null}, "geometry": {"type": "Point", "coordinates": [-73.9952431404518, 40.61387248177711]}}, {"type": "Feature", "properties": {"asset_id": "189389.0", "gi_id": "PP6086", "row_onsite": "ROW", "project_na": "DDC OH15 Phase 4", "asset_type": "ROW Porous Concrete", "status": "90% Design Submitted", "asset_x_co": "985311.832", "asset_y_co": "161498.797", "borough": "Brooklyn", "sewer_type": "Combined", "outfall": "OH-015", "nyc_waters": "East River / Open Waters", "bbl": "3062620008.0", "secondary_": null, "community_": "311.0", "city_counc": "43.0", "assembly_d": "49.0", "asset_leng": "170.0", "asset_widt": "4.0", "asset_area": "680.0", "gi_feature": null, "tree_latin": null, "tree_commo": null, "constructi": "GKOH15-04", "construc_1": "1", "program_ar": "Right of Way (ROW)", "status_gro": "Final Design", "constructe": null}, "geometry": {"type": "Point", "coordinates": [-73.99617571972682, 40.60995316194819]}}, {"type": "Feature", "properties": {"asset_id": "104934.0", "gi_id": "79E", "row_onsite": "ROW", "project_na": "OGI Design Area 1 (OH-007)", "asset_type": "ROWB", "status": "Constructed (Full Maintenance)", "asset_x_co": "989108.1362", "asset_y_co": "184888.0318", "borough": "Brooklyn", "sewer_type": "Combined", "outfall": "OH-007", "nyc_waters": "Gowanus Canal", "bbl": "3009640042.0", "secondary_": null, "community_": "306.0", "city_counc": "39.0", "assembly_d": "52.0", "asset_leng": "10.0", "asset_widt": "5.0", "asset_area": "50.0", "gi_feature": "Standard", "tree_latin": "No Tree", "tree_commo": "N/A", "constructi": "GKRH34-02-GKOH07-02", "construc_1": "Stage-1", "program_ar": "Right of Way (ROW)", "status_gro": "Constructed", "constructe": "2016/09/15 00:00:00.000"}, "geometry": {"type": "Point", "coordinates": [-73.98248615534445, 40.67415031759711]}}, {"type": "Feature", "properties": {"asset_id": "189452.0", "gi_id": "PP7086.1", "row_onsite": "ROW", "project_na": "DDC OH15 Phase 4", "asset_type": "ROW Porous Concrete", "status": "90% Design Submitted", "asset_x_co": "986210.4", "asset_y_co": "160123.01", "borough": "Brooklyn", "sewer_type": "Combined", "outfall": "OH-015", "nyc_waters": "East River / Open Waters", "bbl": "3062880009.0", "secondary_": null, "community_": "311.0", "city_counc": "43.0", "assembly_d": "47.0", "asset_leng": "170.0", "asset_widt": "4.0", "asset_area": "680.0", "gi_feature": null, "tree_latin": null, "tree_commo": null, "constructi": "GKOH15-04", "construc_1": "1", "program_ar": "Right of Way (ROW)", "status_gro": "Final Design", "constructe": null}, "geometry": {"type": "Point", "coordinates": [-73.9929398475699, 40.60617675444592]}}, {"type": "Feature", "properties": {"asset_id": "189358.0", "gi_id": "PP5074-1", "row_onsite": "ROW", "project_na": "DDC OH15 Phase 4", "asset_type": "ROW Porous Concrete", "status": "90% Design Submitted", "asset_x_co": "981772.258", "asset_y_co": "163526.0384", "borough": "Brooklyn", "sewer_type": "Combined", "outfall": "OH-015", "nyc_waters": "East River / Open Waters", "bbl": "3062920039.0", "secondary_": null, "community_": "310.0", "city_counc": "47.0", "assembly_d": "49.0", "asset_leng": "95.0", "asset_widt": "2.0", "asset_area": "190.0", "gi_feature": null, "tree_latin": null, "tree_commo": null, "constructi": "GKOH15-04", "construc_1": "1", "program_ar": "Right of Way (ROW)", "status_gro": "Final Design", "constructe": null}, "geometry": {"type": "Point", "coordinates": [-74.00892454869201, 40.61551723878635]}}, {"type": "Feature", "properties": {"asset_id": "189298.0", "gi_id": "PP3224", "row_onsite": "ROW", "project_na": "DDC OH15 Phase 4", "asset_type": "ROW Porous Concrete", "status": "90% Design Submitted", "asset_x_co": "982590.81", "asset_y_co": "164612.28", "borough": "Brooklyn", "sewer_type": "Combined", "outfall": "OH-015", "nyc_waters": "East River / Open Waters", "bbl": "3062220064.0", "secondary_": null, "community_": "310.0", "city_counc": "38.0", "assembly_d": "49.0", "asset_leng": "670.0", "asset_widt": "2.0", "asset_area": "1340.0", "gi_feature": null, "tree_latin": null, "tree_commo": null, "constructi": "GKOH15-04", "construc_1": "1", "program_ar": "Right of Way (ROW)", "status_gro": "Final Design", "constructe": null}, "geometry": {"type": "Point", "coordinates": [-74.00597648269208, 40.61849893784892]}}, {"type": "Feature", "properties": {"asset_id": "188787.0", "gi_id": "PP8029", "row_onsite": "ROW", "project_na": "DDC OH15 Phase 4", "asset_type": "ROW Porous Concrete", "status": "90% Design Submitted", "asset_x_co": "982440.7694", "asset_y_co": "160333.4879", "borough": "Brooklyn", "sewer_type": "Combined", "outfall": "OH-015", "nyc_waters": "East River / Open Waters", "bbl": "3064000066.0", "secondary_": null, "community_": "311.0", "city_counc": "38.0", "assembly_d": "47.0", "asset_leng": "157.0", "asset_widt": "4.0", "asset_area": "628.0", "gi_feature": null, "tree_latin": null, "tree_commo": null, "constructi": "GKOH15-04", "construc_1": "1", "program_ar": "Right of Way (ROW)", "status_gro": "Final Design", "constructe": null}, "geometry": {"type": "Point", "coordinates": [-74.00651579018309, 40.60675450548503]}}, {"type": "Feature", "properties": {"asset_id": "189470.0", "gi_id": "PP8138.1", "row_onsite": "ROW", "project_na": "DDC OH15 Phase 4", "asset_type": "ROW Porous Concrete", "status": "90% Design Submitted", "asset_x_co": "984066.2833", "asset_y_co": "158259.0104", "borough": "Brooklyn", "sewer_type": "Combined", "outfall": "OH-015", "nyc_waters": "East River / Open Waters", "bbl": "3064100027.0", "secondary_": null, "community_": "311.0", "city_counc": "43.0", "assembly_d": "47.0", "asset_leng": "474.0", "asset_widt": "4.0", "asset_area": "1896.0", "gi_feature": null, "tree_latin": null, "tree_commo": null, "constructi": "GKOH15-04", "construc_1": "1", "program_ar": "Right of Way (ROW)", "status_gro": "Final Design", "constructe": null}, "geometry": {"type": "Point", "coordinates": [-74.00066158412405, 40.60106067013348]}}, {"type": "Feature", "properties": {"asset_id": "182651.0", "gi_id": "B028-01SS", "row_onsite": "Onsite", "project_na": "Dyker Playground 86th St.", "asset_type": "Subsurface Detention System", "status": "Constructed", "asset_x_co": "980521.274", "asset_y_co": "162705.334", "borough": "Brooklyn", "sewer_type": "Combined", "outfall": "OH-017", "nyc_waters": "East River / Open Waters", "bbl": "3064180001.0", "secondary_": null, "community_": "310.0", "city_counc": "50.0", "assembly_d": "46.0", "asset_leng": "0.0", "asset_widt": "0.0", "asset_area": "6036.0", "gi_feature": null, "tree_latin": null, "tree_commo": null, "constructi": null, "construc_1": null, "program_ar": "Public Onsite", "status_gro": "Constructed", "constructe": "2025/11/05 00:00:00.000"}, "geometry": {"type": "Point", "coordinates": [-74.01342999941241, 40.61326413664667]}}, {"type": "Feature", "properties": {"asset_id": "183477.0", "gi_id": "GS34B", "row_onsite": "ROW", "project_na": "Gravesend", "asset_type": "ROWGS", "status": "Constructed (Full Maintenance)", "asset_x_co": "990765.1029", "asset_y_co": "160230.0167", "borough": "Brooklyn", "sewer_type": "Combined", "outfall": "OH-021", "nyc_waters": "Coney Island Creek", "bbl": "3066280038.0", "secondary_": null, "community_": "311.0", "city_counc": "44.0", "assembly_d": "47.0", "asset_leng": "11.0", "asset_widt": "3.5", "asset_area": "38.5", "gi_feature": null, "tree_latin": "No Tree", "tree_commo": "N/A", "constructi": "GI-NYR-3", "construc_1": "1", "program_ar": "Right of Way (ROW)", "status_gro": "Constructed", "constructe": "2021/05/25 00:00:00.000"}, "geometry": {"type": "Point", "coordinates": [-73.97653651220996, 40.60646828866105]}}, {"type": "Feature", "properties": {"asset_id": "189430.0", "gi_id": "PP7040.1", "row_onsite": "ROW", "project_na": "DDC OH15 Phase 4", "asset_type": "ROW Porous Concrete", "status": "90% Design Submitted", "asset_x_co": "983684.63", "asset_y_co": "161202.7177", "borough": "Brooklyn", "sewer_type": "Combined", "outfall": "OH-015", "nyc_waters": "East River / Open Waters", "bbl": "3063260038.0", "secondary_": null, "community_": "311.0", "city_counc": "38.0", "assembly_d": "47.0", "asset_leng": "184.0", "asset_widt": "4.0", "asset_area": "736.0", "gi_feature": null, "tree_latin": null, "tree_commo": null, "constructi": "GKOH15-04", "construc_1": "1", "program_ar": "Right of Way (ROW)", "status_gro": "Final Design", "constructe": null}, "geometry": {"type": "Point", "coordinates": [-74.00203620450532, 40.60914053017814]}}, {"type": "Feature", "properties": {"asset_id": "183948.0", "gi_id": "K212-01STa", "row_onsite": "Onsite", "project_na": "K212 - P.S. 212", "asset_type": "Synthetic Turf Field Storage Layer", "status": "In Construction", "asset_x_co": "988413.16", "asset_y_co": "153450.83", "borough": "Brooklyn", "sewer_type": "MS4", "outfall": "OH-606", "nyc_waters": "Coney Island Creek", "bbl": "3069170001.0", "secondary_": null, "community_": "313.0", "city_counc": "47.0", "assembly_d": "46.0", "asset_leng": "123.0", "asset_widt": "82.17", "asset_area": "9720.0", "gi_feature": null, "tree_latin": null, "tree_commo": null, "constructi": "GI-CONS-5A", "construc_1": "1", "program_ar": "Public Onsite", "status_gro": "In Construction", "constructe": null}, "geometry": {"type": "Point", "coordinates": [-73.9850109752533, 40.58786220652838]}}, {"type": "Feature", "properties": {"asset_id": "189338.0", "gi_id": "PP5003", "row_onsite": "ROW", "project_na": "DDC OH15 Phase 4", "asset_type": "ROW Porous Concrete", "status": "90% Design Submitted", "asset_x_co": "980254.12", "asset_y_co": "165431.31", "borough": "Brooklyn", "sewer_type": "Combined", "outfall": "OH-015", "nyc_waters": "East River / Open Waters", "bbl": "3059840014.0", "secondary_": null, "community_": "310.0", "city_counc": "38.0", "assembly_d": "46.0", "asset_leng": "595.0", "asset_widt": "4.0", "asset_area": "2380.0", "gi_feature": null, "tree_latin": null, "tree_commo": null, "constructi": "GKOH15-04", "construc_1": "1", "program_ar": "Right of Way (ROW)", "status_gro": "Final Design", "constructe": null}, "geometry": {"type": "Point", "coordinates": [-74.01439383892186, 40.620746258646726]}}, {"type": "Feature", "properties": {"asset_id": "189348.0", "gi_id": "PP5044", "row_onsite": "ROW", "project_na": "DDC OH15 Phase 4", "asset_type": "ROW Porous Concrete", "status": "90% Design Submitted", "asset_x_co": "982313.26", "asset_y_co": "164207.2", "borough": "Brooklyn", "sewer_type": "Combined", "outfall": "OH-015", "nyc_waters": "East River / Open Waters", "bbl": "3062440037.0", "secondary_": null, "community_": "310.0", "city_counc": "38.0", "assembly_d": "49.0", "asset_leng": "170.0", "asset_widt": "4.0", "asset_area": "680.0", "gi_feature": null, "tree_latin": null, "tree_commo": null, "constructi": "GKOH15-04", "construc_1": "1", "program_ar": "Right of Way (ROW)", "status_gro": "Final Design", "constructe": null}, "geometry": {"type": "Point", "coordinates": [-74.0069761149513, 40.617387020394794]}}, {"type": "Feature", "properties": {"asset_id": "189374.0", "gi_id": "PP6058.2", "row_onsite": "ROW", "project_na": "DDC OH15 Phase 4", "asset_type": "ROW Porous Concrete", "status": "90% Design Submitted", "asset_x_co": "985537.3454", "asset_y_co": "161907.0413", "borough": "Brooklyn", "sewer_type": "Combined", "outfall": "OH-015", "nyc_waters": "East River / Open Waters", "bbl": "3062490027.0", "secondary_": null, "community_": "311.0", "city_counc": "43.0", "assembly_d": "49.0", "asset_leng": "241.0", "asset_widt": "4.0", "asset_area": "964.0", "gi_feature": null, "tree_latin": null, "tree_commo": null, "constructi": "GKOH15-04", "construc_1": "1", "program_ar": "Right of Way (ROW)", "status_gro": "Final Design", "constructe": null}, "geometry": {"type": "Point", "coordinates": [-73.99536343474904, 40.61107367865983]}}, {"type": "Feature", "properties": {"asset_id": "160054.0", "gi_id": "7A", "row_onsite": "ROW", "project_na": "Gravesend", "asset_type": "ROWB", "status": "Constructed (Full Maintenance)", "asset_x_co": "990541.17", "asset_y_co": "160941.59", "borough": "Brooklyn", "sewer_type": "Combined", "outfall": "OH-021", "nyc_waters": "Coney Island Creek", "bbl": "3066030050.0", "secondary_": null, "community_": "311.0", "city_counc": "44.0", "assembly_d": "47.0", "asset_leng": "20.0", "asset_widt": "4.0", "asset_area": "80.0", "gi_feature": "Type C - SW Chamber", "tree_latin": "No Tree", "tree_commo": "N/A", "constructi": "GI-NYR-3", "construc_1": "1", "program_ar": "Right of Way (ROW)", "status_gro": "Constructed", "constructe": "2021/05/25 00:00:00.000"}, "geometry": {"type": "Point", "coordinates": [-73.97734232015642, 40.60842157280783]}}, {"type": "Feature", "properties": {"asset_id": "187196.0", "gi_id": "B106-02PPa", "row_onsite": "Onsite", "project_na": "Lafayette PG - Reconstruction", "asset_type": "Permeable Pavers", "status": "Constructed", "asset_x_co": "988089.297", "asset_y_co": "155754.731", "borough": "Brooklyn", "sewer_type": "Combined", "outfall": "OH-021", "nyc_waters": "Coney Island Creek", "bbl": "3068710001.0", "secondary_": null, "community_": "313.0", "city_counc": "47.0", "assembly_d": "47.0", "asset_leng": "90.0", "asset_widt": "12.0", "asset_area": "1088.0", "gi_feature": null, "tree_latin": null, "tree_commo": null, "constructi": null, "construc_1": null, "program_ar": "External", "status_gro": "Constructed", "constructe": "2019/07/01 00:00:00.000"}, "geometry": {"type": "Point", "coordinates": [-73.98617570074977, 40.59418609927264]}}, {"type": "Feature", "properties": {"asset_id": "189418.0", "gi_id": "PP6125", "row_onsite": "ROW", "project_na": "DDC OH15 Phase 4", "asset_type": "ROW Porous Concrete", "status": "90% Design Submitted", "asset_x_co": "987048.06", "asset_y_co": "160045.9", "borough": "Brooklyn", "sewer_type": "Combined", "outfall": "OH-015", "nyc_waters": "East River / Open Waters", "bbl": "3062760034.0", "secondary_": null, "community_": "311.0", "city_counc": "43.0", "assembly_d": "47.0", "asset_leng": "165.0", "asset_widt": "4.0", "asset_area": "660.0", "gi_feature": null, "tree_latin": null, "tree_commo": null, "constructi": "GKOH15-04", "construc_1": "1", "program_ar": "Right of Way (ROW)", "status_gro": "Final Design", "constructe": null}, "geometry": {"type": "Point", "coordinates": [-73.98992314419648, 40.60596487902231]}}, {"type": "Feature", "properties": {"asset_id": "184407.0", "gi_id": "PA1", "row_onsite": "Onsite", "project_na": "Parade Ground - Ballfield 7 Reconstruction and Adult Fitness", "asset_type": "Porous Asphalt", "status": "Constructed", "asset_x_co": "992646.917", "asset_y_co": "175782.866", "borough": "Brooklyn", "sewer_type": "Combined", "outfall": "OH-015", "nyc_waters": "East River / Open Waters", "bbl": "3050510001.0", "secondary_": null, "community_": "314.0", "city_counc": "40.0", "assembly_d": "42.0", "asset_leng": "55.6", "asset_widt": "15.0", "asset_area": "834.0", "gi_feature": null, "tree_latin": null, "tree_commo": null, "constructi": null, "construc_1": null, "program_ar": "External", "status_gro": "Constructed", "constructe": "2019/08/01 00:00:00.000"}, "geometry": {"type": "Point", "coordinates": [-73.96973999911478, 40.6491559999904]}}, {"type": "Feature", "properties": {"asset_id": "189323.0", "gi_id": "PP4057", "row_onsite": "ROW", "project_na": "DDC OH15 Phase 4", "asset_type": "ROW Porous Concrete", "status": "90% Design Submitted", "asset_x_co": "987238.72", "asset_y_co": "162676.07", "borough": "Brooklyn", "sewer_type": "Combined", "outfall": "OH-015", "nyc_waters": "East River / Open Waters", "bbl": "3061740002.0", "secondary_": null, "community_": "311.0", "city_counc": "43.0", "assembly_d": "49.0", "asset_leng": "170.0", "asset_widt": "4.0", "asset_area": "680.0", "gi_feature": null, "tree_latin": null, "tree_commo": null, "constructi": "GKOH15-04", "construc_1": "1", "program_ar": "Right of Way (ROW)", "status_gro": "Final Design", "constructe": null}, "geometry": {"type": "Point", "coordinates": [-73.98923534235118, 40.613184093375764]}}, {"type": "Feature", "properties": {"asset_id": "189396.0", "gi_id": "PP6093-1", "row_onsite": "ROW", "project_na": "DDC OH15 Phase 4", "asset_type": "ROW Porous Concrete", "status": "90% Design Submitted", "asset_x_co": "985319.0478", "asset_y_co": "161454.5537", "borough": "Brooklyn", "sewer_type": "Combined", "outfall": "OH-015", "nyc_waters": "East River / Open Waters", "bbl": "3062620063.0", "secondary_": null, "community_": "311.0", "city_counc": "43.0", "assembly_d": "49.0", "asset_leng": "315.0", "asset_widt": "2.0", "asset_area": "630.0", "gi_feature": null, "tree_latin": null, "tree_commo": null, "constructi": "GKOH15-04", "construc_1": "1", "program_ar": "Right of Way (ROW)", "status_gro": "Final Design", "constructe": null}, "geometry": {"type": "Point", "coordinates": [-73.99614973816266, 40.60983172216971]}}, {"type": "Feature", "properties": {"asset_id": "188812.0", "gi_id": "PP8135", "row_onsite": "ROW", "project_na": "DDC OH15 Phase 4", "asset_type": "ROW Porous Concrete", "status": "90% Design Submitted", "asset_x_co": "983062.1043", "asset_y_co": "158295.5757", "borough": "Brooklyn", "sewer_type": "Combined", "outfall": "OH-015", "nyc_waters": "East River / Open Waters", "bbl": "3064397501.0", "secondary_": null, "community_": "311.0", "city_counc": "47.0", "assembly_d": "47.0", "asset_leng": "465.0", "asset_widt": "2.0", "asset_area": "930.0", "gi_feature": null, "tree_latin": null, "tree_commo": null, "constructi": "GKOH15-04", "construc_1": "1", "program_ar": "Right of Way (ROW)", "status_gro": "Final Design", "constructe": null}, "geometry": {"type": "Point", "coordinates": [-74.00427774649877, 40.601160957422145]}}, {"type": "Feature", "properties": {"asset_id": "158166.0", "gi_id": "F1", "row_onsite": "ROW", "project_na": "Flushing-Gowanus EBP 2010", "asset_type": "ROWB", "status": "Constructed (Full Maintenance)", "asset_x_co": "987698.546", "asset_y_co": "184241.8783", "borough": "Brooklyn", "sewer_type": "Combined", "outfall": "OH-007", "nyc_waters": "Gowanus Canal", "bbl": "3009800095.0", "secondary_": null, "community_": "306.0", "city_counc": "39.0", "assembly_d": "52.0", "asset_leng": "20.0", "asset_widt": "8.5", "asset_area": "170.0", "gi_feature": "Standard", "tree_latin": "Amelanchier canadensis", "tree_commo": "Shadblow Serviceberry", "constructi": null, "construc_1": null, "program_ar": "Right of Way (ROW)", "status_gro": "Constructed", "constructe": "2014/05/01 00:00:00.000"}, "geometry": {"type": "Point", "coordinates": [-73.98756813551793, 40.67237743251254]}}, {"type": "Feature", "properties": {"asset_id": "189319.0", "gi_id": "PP4053", "row_onsite": "ROW", "project_na": "DDC OH15 Phase 4", "asset_type": "ROW Porous Concrete", "status": "90% Design Submitted", "asset_x_co": "986088.06", "asset_y_co": "162478.08", "borough": "Brooklyn", "sewer_type": "Combined", "outfall": "OH-015", "nyc_waters": "East River / Open Waters", "bbl": "3062170008.0", "secondary_": null, "community_": "311.0", "city_counc": "43.0", "assembly_d": "49.0", "asset_leng": "64.0", "asset_widt": "4.0", "asset_area": "256.0", "gi_feature": null, "tree_latin": null, "tree_commo": null, "constructi": "GKOH15-04", "construc_1": "1", "program_ar": "Right of Way (ROW)", "status_gro": "Final Design", "constructe": null}, "geometry": {"type": "Point", "coordinates": [-73.9933797997811, 40.612640964807525]}}, {"type": "Feature", "properties": {"asset_id": "189309.0", "gi_id": "PP4020", "row_onsite": "ROW", "project_na": "DDC OH15 Phase 4", "asset_type": "ROW Porous Concrete", "status": "90% Design Submitted", "asset_x_co": "986692.36", "asset_y_co": "163364.43", "borough": "Brooklyn", "sewer_type": "Combined", "outfall": "OH-015", "nyc_waters": "East River / Open Waters", "bbl": "3061720011.0", "secondary_": null, "community_": "311.0", "city_counc": "43.0", "assembly_d": "49.0", "asset_leng": "622.0", "asset_widt": "4.0", "asset_area": "2488.0", "gi_feature": null, "tree_latin": null, "tree_commo": null, "constructi": "GKOH15-04", "construc_1": "1", "program_ar": "Right of Way (ROW)", "status_gro": "Final Design", "constructe": null}, "geometry": {"type": "Point", "coordinates": [-73.99120295236882, 40.615073666429865]}}, {"type": "Feature", "properties": {"asset_id": "189455.0", "gi_id": "PP7090", "row_onsite": "ROW", "project_na": "DDC OH15 Phase 4", "asset_type": "ROW Porous Concrete", "status": "90% Design Submitted", "asset_x_co": "986743.5809", "asset_y_co": "159661.7679", "borough": "Brooklyn", "sewer_type": "Combined", "outfall": "OH-015", "nyc_waters": "East River / Open Waters", "bbl": "3062880051.0", "secondary_": null, "community_": "311.0", "city_counc": "43.0", "assembly_d": "47.0", "asset_leng": "395.0", "asset_widt": "2.0", "asset_area": "790.0", "gi_feature": null, "tree_latin": null, "tree_commo": null, "constructi": "GKOH15-04", "construc_1": "1", "program_ar": "Right of Way (ROW)", "status_gro": "Final Design", "constructe": null}, "geometry": {"type": "Point", "coordinates": [-73.99101982842542, 40.60491060570768]}}, {"type": "Feature", "properties": {"asset_id": "188401.0", "gi_id": "RG-1", "row_onsite": "Onsite", "project_na": "Leif Ericson Park - Comfort Station Construction", "asset_type": "Rain Garden", "status": "Constructed", "asset_x_co": "980661.0", "asset_y_co": "169341.0", "borough": "Brooklyn", "sewer_type": "Combined", "outfall": "OH-002", "nyc_waters": "East River / Open Waters", "bbl": "3057560001.0", "secondary_": null, "community_": "310.0", "city_counc": "38.0", "assembly_d": "49.0", "asset_leng": "24.0", "asset_widt": "5.75", "asset_area": "57.81", "gi_feature": null, "tree_latin": null, "tree_commo": null, "constructi": null, "construc_1": null, "program_ar": "External", "status_gro": "Constructed", "constructe": "2016/05/01 00:00:00.000"}, "geometry": {"type": "Point", "coordinates": [-74.0129302666031, 40.63147771101454]}}, {"type": "Feature", "properties": {"asset_id": "189424.0", "gi_id": "PP7024-1", "row_onsite": "ROW", "project_na": "DDC OH15 Phase 4", "asset_type": "ROW Porous Concrete", "status": "90% Design Submitted", "asset_x_co": "984594.8122", "asset_y_co": "161658.5168", "borough": "Brooklyn", "sewer_type": "Combined", "outfall": "OH-015", "nyc_waters": "East River / Open Waters", "bbl": "3062850011.0", "secondary_": null, "community_": "311.0", "city_counc": "38.0", "assembly_d": "49.0", "asset_leng": "55.0", "asset_widt": "4.0", "asset_area": "220.0", "gi_feature": null, "tree_latin": null, "tree_commo": null, "constructi": "GKOH15-04", "construc_1": "1", "program_ar": "Right of Way (ROW)", "status_gro": "Final Design", "constructe": null}, "geometry": {"type": "Point", "coordinates": [-73.9987581202273, 40.61039161697182]}}, {"type": "Feature", "properties": {"asset_id": "189379.0", "gi_id": "PP6065-1", "row_onsite": "ROW", "project_na": "DDC OH15 Phase 4", "asset_type": "ROW Porous Concrete", "status": "90% Design Submitted", "asset_x_co": "984912.2631", "asset_y_co": "162070.8195", "borough": "Brooklyn", "sewer_type": "Combined", "outfall": "OH-015", "nyc_waters": "East River / Open Waters", "bbl": "3062610012.0", "secondary_": null, "community_": "311.0", "city_counc": "43.0", "assembly_d": "49.0", "asset_leng": "213.0", "asset_widt": "4.0", "asset_area": "852.0", "gi_feature": null, "tree_latin": null, "tree_commo": null, "constructi": "GKOH15-04", "construc_1": "1", "program_ar": "Right of Way (ROW)", "status_gro": "Final Design", "constructe": null}, "geometry": {"type": "Point", "coordinates": [-73.99761474543729, 40.61152328493628]}}, {"type": "Feature", "properties": {"asset_id": "189381.0", "gi_id": "PP6071-1", "row_onsite": "ROW", "project_na": "DDC OH15 Phase 4", "asset_type": "ROW Porous Concrete", "status": "90% Design Submitted", "asset_x_co": "984771.3797", "asset_y_co": "161888.5427", "borough": "Brooklyn", "sewer_type": "Combined", "outfall": "OH-015", "nyc_waters": "East River / Open Waters", "bbl": "3062610064.0", "secondary_": null, "community_": "311.0", "city_counc": "43.0", "assembly_d": "49.0", "asset_leng": "214.0", "asset_widt": "2.0", "asset_area": "428.0", "gi_feature": null, "tree_latin": null, "tree_commo": null, "constructi": "GKOH15-04", "construc_1": "1", "program_ar": "Right of Way (ROW)", "status_gro": "Final Design", "constructe": null}, "geometry": {"type": "Point", "coordinates": [-73.99812217478319, 40.61102298184378]}}, {"type": "Feature", "properties": {"asset_id": "149598.0", "gi_id": "GH_2", "row_onsite": "Onsite", "project_na": "Gil Hodges", "asset_type": "Rain Garden", "status": "Constructed", "asset_x_co": "988468.20514", "asset_y_co": "185654.9092", "borough": "Brooklyn", "sewer_type": "Combined", "outfall": "OH-007", "nyc_waters": "Gowanus Canal", "bbl": "3004560014.0", "secondary_": null, "community_": "306.0", "city_counc": "39.0", "assembly_d": "52.0", "asset_leng": "0.0", "asset_widt": "0.0", "asset_area": "567.0", "gi_feature": null, "tree_latin": null, "tree_commo": null, "constructi": null, "construc_1": null, "program_ar": "Incentivized", "status_gro": "Constructed", "constructe": "2013/08/30 00:00:00.000"}, "geometry": {"type": "Point", "coordinates": [-73.98479266177726, 40.67625555138982]}}, {"type": "Feature", "properties": {"asset_id": "189436.0", "gi_id": "PP7055", "row_onsite": "ROW", "project_na": "DDC OH15 Phase 4", "asset_type": "ROW Porous Concrete", "status": "90% Design Submitted", "asset_x_co": "984121.5891", "asset_y_co": "161076.9878", "borough": "Brooklyn", "sewer_type": "Combined", "outfall": "OH-015", "nyc_waters": "East River / Open Waters", "bbl": "3063150039.0", "secondary_": null, "community_": "311.0", "city_counc": "38.0", "assembly_d": "47.0", "asset_leng": "594.0", "asset_widt": "2.0", "asset_area": "1188.0", "gi_feature": null, "tree_latin": null, "tree_commo": null, "constructi": "GKOH15-04", "construc_1": "1", "program_ar": "Right of Way (ROW)", "status_gro": "Final Design", "constructe": null}, "geometry": {"type": "Point", "coordinates": [-74.00046247486402, 40.608795444943546]}}, {"type": "Feature", "properties": {"asset_id": "189334.0", "gi_id": "PP4081", "row_onsite": "ROW", "project_na": "DDC OH15 Phase 4", "asset_type": "ROW Porous Concrete", "status": "90% Design Submitted", "asset_x_co": "988203.08", "asset_y_co": "161503.37", "borough": "Brooklyn", "sewer_type": "Combined", "outfall": "OH-015", "nyc_waters": "East River / Open Waters", "bbl": "3061970025.0", "secondary_": null, "community_": "311.0", "city_counc": "43.0", "assembly_d": "47.0", "asset_leng": "670.0", "asset_widt": "4.0", "asset_area": "2680.0", "gi_feature": null, "tree_latin": null, "tree_commo": null, "constructi": "GKOH15-04", "construc_1": "1", "program_ar": "Right of Way (ROW)", "status_gro": "Final Design", "constructe": null}, "geometry": {"type": "Point", "coordinates": [-73.98576263411513, 40.60996489526654]}}, {"type": "Feature", "properties": {"asset_id": "160128.0", "gi_id": "80A", "row_onsite": "ROW", "project_na": "Gravesend", "asset_type": "ROWB", "status": "Constructed (Full Maintenance)", "asset_x_co": "990534.95", "asset_y_co": "160003.26", "borough": "Brooklyn", "sewer_type": "Combined", "outfall": "OH-021", "nyc_waters": "Coney Island Creek", "bbl": "3066520010.0", "secondary_": null, "community_": "311.0", "city_counc": "44.0", "assembly_d": "47.0", "asset_leng": "10.0", "asset_widt": "4.0", "asset_area": "40.0", "gi_feature": "Standard", "tree_latin": "No Tree", "tree_commo": "N/A", "constructi": "GI-NYR-3", "construc_1": "1", "program_ar": "Right of Way (ROW)", "status_gro": "Constructed", "constructe": "2021/05/25 00:00:00.000"}, "geometry": {"type": "Point", "coordinates": [-73.97736559519976, 40.605846053911606]}}, {"type": "Feature", "properties": {"asset_id": "189411.0", "gi_id": "PP6114-1", "row_onsite": "ROW", "project_na": "DDC OH15 Phase 4", "asset_type": "ROW Porous Concrete", "status": "90% Design Submitted", "asset_x_co": "986849.1375", "asset_y_co": "160867.1948", "borough": "Brooklyn", "sewer_type": "Combined", "outfall": "OH-015", "nyc_waters": "East River / Open Waters", "bbl": "3062520012.0", "secondary_": null, "community_": "311.0", "city_counc": "43.0", "assembly_d": "47.0", "asset_leng": "236.0", "asset_widt": "4.0", "asset_area": "944.0", "gi_feature": null, "tree_latin": null, "tree_commo": null, "constructi": "GKOH15-04", "construc_1": "1", "program_ar": "Right of Way (ROW)", "status_gro": "Final Design", "constructe": null}, "geometry": {"type": "Point", "coordinates": [-73.99063922210658, 40.6082192253123]}}, {"type": "Feature", "properties": {"asset_id": "188807.0", "gi_id": "PP8126.1", "row_onsite": "ROW", "project_na": "DDC OH15 Phase 4", "asset_type": "ROW Porous Concrete", "status": "90% Design Submitted", "asset_x_co": "983655.2635", "asset_y_co": "158587.0781", "borough": "Brooklyn", "sewer_type": "Combined", "outfall": "OH-015", "nyc_waters": "East River / Open Waters", "bbl": "3064080022.0", "secondary_": null, "community_": "311.0", "city_counc": "38.0", "assembly_d": "47.0", "asset_leng": "444.0", "asset_widt": "4.0", "asset_area": "1776.0", "gi_feature": null, "tree_latin": null, "tree_commo": null, "constructi": "GKOH15-04", "construc_1": "1", "program_ar": "Right of Way (ROW)", "status_gro": "Final Design", "constructe": null}, "geometry": {"type": "Point", "coordinates": [-74.00214173858943, 40.60196113189507]}}, {"type": "Feature", "properties": {"asset_id": "189345.0", "gi_id": "PP5038", "row_onsite": "ROW", "project_na": "DDC OH15 Phase 4", "asset_type": "ROW Porous Concrete", "status": "90% Design Submitted", "asset_x_co": "982474.63", "asset_y_co": "164411.06", "borough": "Brooklyn", "sewer_type": "Combined", "outfall": "OH-015", "nyc_waters": "East River / Open Waters", "bbl": "3062330046.0", "secondary_": null, "community_": "310.0", "city_counc": "38.0", "assembly_d": "49.0", "asset_leng": "170.0", "asset_widt": "4.0", "asset_area": "680.0", "gi_feature": null, "tree_latin": null, "tree_commo": null, "constructi": "GKOH15-04", "construc_1": "1", "program_ar": "Right of Way (ROW)", "status_gro": "Final Design", "constructe": null}, "geometry": {"type": "Point", "coordinates": [-74.00639491654752, 40.617946608025555]}}, {"type": "Feature", "properties": {"asset_id": "190854.0", "gi_id": "GRWD-O-PP", "row_onsite": "Onsite", "project_na": "Green-Wood Cemetery", "asset_type": "Permeable Pavers", "status": "Constructed", "asset_x_co": "986954.00005", "asset_y_co": "176868.00005", "borough": "Brooklyn", "sewer_type": "Combined", "outfall": "OH-004", "nyc_waters": "East River / Open Waters", "bbl": "3009020006.0", "secondary_": null, "community_": "307.0", "city_counc": "38.0", "assembly_d": "51.0", "asset_leng": "0.0", "asset_widt": "0.0", "asset_area": "962.0", "gi_feature": null, "tree_latin": null, "tree_commo": null, "constructi": null, "construc_1": null, "program_ar": "Incentivized", "status_gro": "Constructed", "constructe": "2024/06/21 00:00:00.000"}, "geometry": {"type": "Point", "coordinates": [-73.99025514915292, 40.65213802499484]}}, {"type": "Feature", "properties": {"asset_id": "189423.0", "gi_id": "PP7024", "row_onsite": "ROW", "project_na": "DDC OH15 Phase 4", "asset_type": "ROW Porous Concrete", "status": "90% Design Submitted", "asset_x_co": "985052.8531", "asset_y_co": "161295.807", "borough": "Brooklyn", "sewer_type": "Combined", "outfall": "OH-015", "nyc_waters": "East River / Open Waters", "bbl": "3062850011.0", "secondary_": null, "community_": "311.0", "city_counc": "38.0", "assembly_d": "49.0", "asset_leng": "530.0", "asset_widt": "4.0", "asset_area": "2120.0", "gi_feature": null, "tree_latin": null, "tree_commo": null, "constructi": "GKOH15-04", "construc_1": "1", "program_ar": "Right of Way (ROW)", "status_gro": "Final Design", "constructe": null}, "geometry": {"type": "Point", "coordinates": [-73.99710847869899, 40.60939602309614]}}, {"type": "Feature", "properties": {"asset_id": "183979.0", "gi_id": "IB8E", "row_onsite": "ROW", "project_na": "Gravesend", "asset_type": "ROW Infiltration Basin with Concrete Top", "status": "Constructed (Full Maintenance)", "asset_x_co": "990574.3964", "asset_y_co": "160885.0882", "borough": "Brooklyn", "sewer_type": "Combined", "outfall": "OH-021", "nyc_waters": "Coney Island Creek", "bbl": "3066280006.0", "secondary_": null, "community_": "311.0", "city_counc": "44.0", "assembly_d": "47.0", "asset_leng": "15.0", "asset_widt": "5.0", "asset_area": "75.0", "gi_feature": "Type C - SW Chamber", "tree_latin": "No Tree", "tree_commo": "N/A", "constructi": "GI-NYR-3", "construc_1": "1", "program_ar": "Right of Way (ROW)", "status_gro": "Constructed", "constructe": "2021/05/25 00:00:00.000"}, "geometry": {"type": "Point", "coordinates": [-73.97722270835206, 40.60826646314512]}}, {"type": "Feature", "properties": {"asset_id": "189305.0", "gi_id": "PP4013.2", "row_onsite": "ROW", "project_na": "DDC OH15 Phase 4", "asset_type": "ROW Porous Concrete", "status": "90% Design Submitted", "asset_x_co": "985642.42", "asset_y_co": "163200.13", "borough": "Brooklyn", "sewer_type": "Combined", "outfall": "OH-015", "nyc_waters": "East River / Open Waters", "bbl": "3062040032.0", "secondary_": null, "community_": "311.0", "city_counc": "43.0", "assembly_d": "49.0", "asset_leng": "304.0", "asset_widt": "4.0", "asset_area": "1216.0", "gi_feature": null, "tree_latin": null, "tree_commo": null, "constructi": "GKOH15-04", "construc_1": "1", "program_ar": "Right of Way (ROW)", "status_gro": "Final Design", "constructe": null}, "geometry": {"type": "Point", "coordinates": [-73.99498472641767, 40.614622924461464]}}, {"type": "Feature", "properties": {"asset_id": "189416.0", "gi_id": "PP6121", "row_onsite": "ROW", "project_na": "DDC OH15 Phase 4", "asset_type": "ROW Porous Concrete", "status": "90% Design Submitted", "asset_x_co": "987207.9465", "asset_y_co": "160251.2834", "borough": "Brooklyn", "sewer_type": "Combined", "outfall": "OH-015", "nyc_waters": "East River / Open Waters", "bbl": "3062640023.0", "secondary_": null, "community_": "311.0", "city_counc": "43.0", "assembly_d": "47.0", "asset_leng": "113.0", "asset_widt": "2.0", "asset_area": "226.0", "gi_feature": null, "tree_latin": null, "tree_commo": null, "constructi": "GKOH15-04", "construc_1": "1", "program_ar": "Right of Way (ROW)", "status_gro": "Final Design", "constructe": null}, "geometry": {"type": "Point", "coordinates": [-73.98934724347077, 40.606528562690556]}}, {"type": "Feature", "properties": {"asset_id": "183947.0", "gi_id": "K095-01SRa", "row_onsite": "Onsite", "project_na": "K095 - P.S. 95 (Gravesend)", "asset_type": "Subsurface Storage", "status": "In Construction", "asset_x_co": "991289.99", "asset_y_co": "156595.52", "borough": "Brooklyn", "sewer_type": "MS4", "outfall": "OH-021", "nyc_waters": "Coney Island Creek", "bbl": "3071230066.0", "secondary_": null, "community_": "315.0", "city_counc": "44.0", "assembly_d": "45.0", "asset_leng": "59.5", "asset_widt": "40.17", "asset_area": "2288.0", "gi_feature": null, "tree_latin": null, "tree_commo": null, "constructi": null, "construc_1": null, "program_ar": "Public Onsite", "status_gro": "In Construction", "constructe": null}, "geometry": {"type": "Point", "coordinates": [-73.97464997221822, 40.596491931281584]}}, {"type": "Feature", "properties": {"asset_id": "160117.0", "gi_id": "60A", "row_onsite": "ROW", "project_na": "Gravesend", "asset_type": "ROWB", "status": "Constructed (Full Maintenance)", "asset_x_co": "991125.28", "asset_y_co": "160219.99", "borough": "Brooklyn", "sewer_type": "Combined", "outfall": "OH-021", "nyc_waters": "Coney Island Creek", "bbl": "3066300048.0", "secondary_": null, "community_": "311.0", "city_counc": "44.0", "assembly_d": "47.0", "asset_leng": "10.0", "asset_widt": "5.5", "asset_area": "55.0", "gi_feature": "Standard", "tree_latin": "No Tree", "tree_commo": "N/A", "constructi": "GI-NYR-3", "construc_1": "1", "program_ar": "Right of Way (ROW)", "status_gro": "Constructed", "constructe": "2021/05/25 00:00:00.000"}, "geometry": {"type": "Point", "coordinates": [-73.97523938085652, 40.60644049479208]}}, {"type": "Feature", "properties": {"asset_id": "147976.0", "gi_id": "SPP-GR-1", "row_onsite": "Onsite", "project_na": "DPR Green Roof", "asset_type": "Green Roof", "status": "Constructed", "asset_x_co": "983709.5952", "asset_y_co": "175026.0227", "borough": "Brooklyn", "sewer_type": "Combined", "outfall": "OH-002", "nyc_waters": "East River / Open Waters", "bbl": "3009210001.0", "secondary_": null, "community_": "307.0", "city_counc": "38.0", "assembly_d": "51.0", "asset_leng": "0.0", "asset_widt": "0.0", "asset_area": "864.0", "gi_feature": null, "tree_latin": null, "tree_commo": null, "constructi": null, "construc_1": null, "program_ar": "External", "status_gro": "Constructed", "constructe": "2010/09/01 00:00:00.000"}, "geometry": {"type": "Point", "coordinates": [-74.00194739813496, 40.64708259336984]}}, {"type": "Feature", "properties": {"asset_id": "189310.0", "gi_id": "PP4022", "row_onsite": "ROW", "project_na": "DDC OH15 Phase 4", "asset_type": "ROW Porous Concrete", "status": "90% Design Submitted", "asset_x_co": "986699.57", "asset_y_co": "163320.46", "borough": "Brooklyn", "sewer_type": "Combined", "outfall": "OH-015", "nyc_waters": "East River / Open Waters", "bbl": "3061720041.0", "secondary_": null, "community_": "311.0", "city_counc": "43.0", "assembly_d": "49.0", "asset_leng": "170.0", "asset_widt": "2.0", "asset_area": "340.0", "gi_feature": null, "tree_latin": null, "tree_commo": null, "constructi": "GKOH15-04", "construc_1": "1", "program_ar": "Right of Way (ROW)", "status_gro": "Final Design", "constructe": null}, "geometry": {"type": "Point", "coordinates": [-73.99117699902972, 40.614952976626846]}}, {"type": "Feature", "properties": {"asset_id": "189459.0", "gi_id": "PP7093", "row_onsite": "ROW", "project_na": "DDC OH15 Phase 4", "asset_type": "ROW Porous Concrete", "status": "90% Design Submitted", "asset_x_co": "986725.1624", "asset_y_co": "159638.5311", "borough": "Brooklyn", "sewer_type": "Combined", "outfall": "OH-015", "nyc_waters": "East River / Open Waters", "bbl": "3062990024.0", "secondary_": null, "community_": "311.0", "city_counc": "43.0", "assembly_d": "47.0", "asset_leng": "395.0", "asset_widt": "4.0", "asset_area": "1580.0", "gi_feature": null, "tree_latin": null, "tree_commo": null, "constructi": "GKOH15-04", "construc_1": "1", "program_ar": "Right of Way (ROW)", "status_gro": "Final Design", "constructe": null}, "geometry": {"type": "Point", "coordinates": [-73.99108616812278, 40.60484683051187]}}, {"type": "Feature", "properties": {"asset_id": "188794.0", "gi_id": "PP8078", "row_onsite": "ROW", "project_na": "DDC OH15 Phase 4", "asset_type": "ROW Porous Concrete", "status": "90% Design Submitted", "asset_x_co": "982745.1615", "asset_y_co": "159210.3439", "borough": "Brooklyn", "sewer_type": "Combined", "outfall": "OH-015", "nyc_waters": "East River / Open Waters", "bbl": "3064040029.0", "secondary_": null, "community_": "311.0", "city_counc": "38.0", "assembly_d": "47.0", "asset_leng": "450.0", "asset_widt": "4.0", "asset_area": "1800", "gi_feature": null, "tree_latin": null, "tree_commo": null, "constructi": "GKOH15-04", "construc_1": "1", "program_ar": "Right of Way (ROW)", "status_gro": "Final Design", "constructe": null}, "geometry": {"type": "Point", "coordinates": [-74.00541929767478, 40.60367176197842]}}, {"type": "Feature", "properties": {"asset_id": "106067.0", "gi_id": "PSP-ST-1", "row_onsite": "Onsite", "project_na": "Park Slope Playground", "asset_type": "Synthetic Turf Field Storage Layer", "status": "Constructed (Full Maintenance)", "asset_x_co": "990211.21", "asset_y_co": "185810.8", "borough": "Brooklyn", "sewer_type": "Combined", "outfall": "OH-007", "nyc_waters": "Gowanus Canal", "bbl": "3009500024.0", "secondary_": null, "community_": "306.0", "city_counc": "39.0", "assembly_d": "52.0", "asset_leng": "0.0", "asset_widt": "0.0", "asset_area": "3580.0", "gi_feature": null, "tree_latin": null, "tree_commo": null, "constructi": "GI-Park-Slope", "construc_1": "1", "program_ar": "Public Onsite", "status_gro": "Constructed", "constructe": "2018/10/18 00:00:00.000"}, "geometry": {"type": "Point", "coordinates": [-73.97850869925827, 40.67668243420223]}}, {"type": "Feature", "properties": {"asset_id": "184414.0", "gi_id": "PCP1", "row_onsite": "Onsite", "project_na": "Seth Low PG / Bealin Square / McKinley Park - McKinley Park and Seth Low PG Synthetic Turf Ballfield Reconstruction", "asset_type": "Permeable Pavers", "status": "Constructed", "asset_x_co": "987949.324", "asset_y_co": "160699.301", "borough": "Brooklyn", "sewer_type": "Combined", "outfall": "OH-021", "nyc_waters": "Coney Island Creek", "bbl": "3065940001.0", "secondary_": null, "community_": "311.0", "city_counc": "43.0", "assembly_d": "47.0", "asset_leng": "160.0", "asset_widt": "10.1", "asset_area": "1616.0", "gi_feature": null, "tree_latin": null, "tree_commo": null, "constructi": null, "construc_1": null, "program_ar": "External", "status_gro": "Constructed", "constructe": "2018/03/01 00:00:00.000"}, "geometry": {"type": "Point", "coordinates": [-73.98667699933591, 40.60775800051812]}}, {"type": "Feature", "properties": {"asset_id": "171382.0", "gi_id": "JPP-2", "row_onsite": "Onsite", "project_na": "Lt. Joseph Petrosino Park", "asset_type": "Rain Garden", "status": "Constructed", "asset_x_co": "984663.0", "asset_y_co": "164840.0", "borough": "Brooklyn", "sewer_type": "Combined", "outfall": "OH-015", "nyc_waters": "East River / Open Waters", "bbl": "3061690050.0", "secondary_": null, "community_": "311.0", "city_counc": "38.0", "assembly_d": "49.0", "asset_leng": "0.0", "asset_widt": "0.0", "asset_area": "3600", "gi_feature": null, "tree_latin": null, "tree_commo": null, "constructi": null, "construc_1": null, "program_ar": "Public Onsite", "status_gro": "Constructed", "constructe": "2020/01/01 00:00:00.000"}, "geometry": {"type": "Point", "coordinates": [-73.99851233949065, 40.6191241276995]}}, {"type": "Feature", "properties": {"asset_id": "189405.0", "gi_id": "PP6109.1", "row_onsite": "ROW", "project_na": "DDC OH15 Phase 4", "asset_type": "ROW Porous Concrete", "status": "90% Design Submitted", "asset_x_co": "986293.8703", "asset_y_co": "160350.0998", "borough": "Brooklyn", "sewer_type": "Combined", "outfall": "OH-015", "nyc_waters": "East River / Open Waters", "bbl": "3062750006.0", "secondary_": null, "community_": "311.0", "city_counc": "43.0", "assembly_d": "47.0", "asset_leng": "670.0", "asset_widt": "2.0", "asset_area": "1340.0", "gi_feature": null, "tree_latin": null, "tree_commo": null, "constructi": "GKOH15-04", "construc_1": "1", "program_ar": "Right of Way (ROW)", "status_gro": "Final Design", "constructe": null}, "geometry": {"type": "Point", "coordinates": [-73.9926391702484, 40.60680005148672]}}, {"type": "Feature", "properties": {"asset_id": "189465.0", "gi_id": "PP7100", "row_onsite": "ROW", "project_na": "DDC OH15 Phase 4", "asset_type": "ROW Porous Concrete", "status": "90% Design Submitted", "asset_x_co": "986563.7007", "asset_y_co": "159434.8314", "borough": "Brooklyn", "sewer_type": "Combined", "outfall": "OH-015", "nyc_waters": "East River / Open Waters", "bbl": "3063180037.0", "secondary_": null, "community_": "311.0", "city_counc": "43.0", "assembly_d": "47.0", "asset_leng": "540.0", "asset_widt": "4.0", "asset_area": "2160.0", "gi_feature": null, "tree_latin": null, "tree_commo": null, "constructi": "GKOH15-04", "construc_1": "1", "program_ar": "Right of Way (ROW)", "status_gro": "Final Design", "constructe": null}, "geometry": {"type": "Point", "coordinates": [-73.99166771156322, 40.604287759925896]}}, {"type": "Feature", "properties": {"asset_id": "184393.0", "gi_id": "PCP2", "row_onsite": "Onsite", "project_na": "Benson PG - Asphalt Field and Handball Court Reconstruction", "asset_type": "Permeable Pavers", "status": "Constructed", "asset_x_co": "983591.606", "asset_y_co": "158799.434", "borough": "Brooklyn", "sewer_type": "Combined", "outfall": "OH-015", "nyc_waters": "East River / Open Waters", "bbl": "3064070047.0", "secondary_": null, "community_": "311.0", "city_counc": "38.0", "assembly_d": "47.0", "asset_leng": "49.02", "asset_widt": "4.51", "asset_area": "220.5", "gi_feature": null, "tree_latin": null, "tree_commo": null, "constructi": null, "construc_1": null, "program_ar": "External", "status_gro": "Constructed", "constructe": "2017/11/01 00:00:00.000"}, "geometry": {"type": "Point", "coordinates": [-74.00237100054933, 40.602544001111845]}}, {"type": "Feature", "properties": {"asset_id": "189440.0", "gi_id": "PP7068.1", "row_onsite": "ROW", "project_na": "DDC OH15 Phase 4", "asset_type": "ROW Porous Concrete", "status": "90% Design Submitted", "asset_x_co": "986124.3912", "asset_y_co": "160152.3304", "borough": "Brooklyn", "sewer_type": "Combined", "outfall": "OH-015", "nyc_waters": "East River / Open Waters", "bbl": "3062870008.0", "secondary_": null, "community_": "311.0", "city_counc": "43.0", "assembly_d": "47.0", "asset_leng": "660.0", "asset_widt": "2.0", "asset_area": "1320.0", "gi_feature": null, "tree_latin": null, "tree_commo": null, "constructi": "GKOH15-04", "construc_1": "1", "program_ar": "Right of Way (ROW)", "status_gro": "Final Design", "constructe": null}, "geometry": {"type": "Point", "coordinates": [-73.99324958971404, 40.606257251780995]}}, {"type": "Feature", "properties": {"asset_id": "189330.0", "gi_id": "PP4068-1", "row_onsite": "ROW", "project_na": "DDC OH15 Phase 4", "asset_type": "ROW Porous Concrete", "status": "90% Design Submitted", "asset_x_co": "986905.26", "asset_y_co": "162200.37", "borough": "Brooklyn", "sewer_type": "Combined", "outfall": "OH-015", "nyc_waters": "East River / Open Waters", "bbl": "3062070011.0", "secondary_": null, "community_": "311.0", "city_counc": "43.0", "assembly_d": "49.0", "asset_leng": "280.0", "asset_widt": "4.0", "asset_area": "1120.0", "gi_feature": null, "tree_latin": null, "tree_commo": null, "constructi": "GKOH15-04", "construc_1": "1", "program_ar": "Right of Way (ROW)", "status_gro": "Final Design", "constructe": null}, "geometry": {"type": "Point", "coordinates": [-73.99043657274277, 40.61187850065822]}}, {"type": "Feature", "properties": {"asset_id": "189327.0", "gi_id": "PP4064", "row_onsite": "ROW", "project_na": "DDC OH15 Phase 4", "asset_type": "ROW Porous Concrete", "status": "90% Design Submitted", "asset_x_co": "987066.86", "asset_y_co": "162404.2", "borough": "Brooklyn", "sewer_type": "Combined", "outfall": "OH-015", "nyc_waters": "East River / Open Waters", "bbl": "3061960011.0", "secondary_": null, "community_": "311.0", "city_counc": "43.0", "assembly_d": "49.0", "asset_leng": "475.0", "asset_widt": "4.0", "asset_area": "1900", "gi_feature": null, "tree_latin": null, "tree_commo": null, "constructi": "GKOH15-04", "construc_1": "1", "program_ar": "Right of Way (ROW)", "status_gro": "Final Design", "constructe": null}, "geometry": {"type": "Point", "coordinates": [-73.98985445533005, 40.61243792205107]}}, {"type": "Feature", "properties": {"asset_id": "189128.0", "gi_id": "B-4", "row_onsite": "ROW", "project_na": "Downtown BK Traffic Calming", "asset_type": "ROWB", "status": "Constructed (Full Maintenance)", "asset_x_co": "988547.072", "asset_y_co": "185209.037", "borough": "Brooklyn", "sewer_type": "Combined", "outfall": "OH-007", "nyc_waters": "Gowanus Canal", "bbl": "3009690001.0", "secondary_": null, "community_": "306.0", "city_counc": "39.0", "assembly_d": "52.0", "asset_leng": "20.0", "asset_widt": "5.0", "asset_area": "100.0", "gi_feature": "Standard", "tree_latin": "No Tree", "tree_commo": "N/A", "constructi": "HWK1153A", "construc_1": "1", "program_ar": "Right of Way (ROW)", "status_gro": "Constructed", "constructe": "2013/09/15 00:00:00.000"}, "geometry": {"type": "Point", "coordinates": [-73.98450861738492, 40.67503169492789]}}, {"type": "Feature", "properties": {"asset_id": "189367.0", "gi_id": "PP6024", "row_onsite": "ROW", "project_na": "DDC OH15 Phase 4", "asset_type": "ROW Porous Concrete", "status": "90% Design Submitted", "asset_x_co": "984562.5128", "asset_y_co": "163011.494", "borough": "Brooklyn", "sewer_type": "Combined", "outfall": "OH-015", "nyc_waters": "East River / Open Waters", "bbl": "3062370036.0", "secondary_": null, "community_": "311.0", "city_counc": "43.0", "assembly_d": "49.0", "asset_leng": "741.0", "asset_widt": "4.0", "asset_area": "2964.0", "gi_feature": null, "tree_latin": null, "tree_commo": null, "constructi": "GKOH15-04", "construc_1": "1", "program_ar": "Right of Way (ROW)", "status_gro": "Final Design", "constructe": null}, "geometry": {"type": "Point", "coordinates": [-73.99887438776275, 40.61410526121668]}}, {"type": "Feature", "properties": {"asset_id": "188790.0", "gi_id": "PP8055", "row_onsite": "ROW", "project_na": "DDC OH15 Phase 4", "asset_type": "ROW Porous Concrete", "status": "90% Design Submitted", "asset_x_co": "983566.2741", "asset_y_co": "159298.2548", "borough": "Brooklyn", "sewer_type": "Combined", "outfall": "OH-015", "nyc_waters": "East River / Open Waters", "bbl": "3063720046.0", "secondary_": null, "community_": "311.0", "city_counc": "38.0", "assembly_d": "47.0", "asset_leng": "670.0", "asset_widt": "4.0", "asset_area": "2680.0", "gi_feature": null, "tree_latin": null, "tree_commo": null, "constructi": "GKOH15-04", "construc_1": "1", "program_ar": "Right of Way (ROW)", "status_gro": "Final Design", "constructe": null}, "geometry": {"type": "Point", "coordinates": [-74.00246227622463, 40.60391316092471]}}, {"type": "Feature", "properties": {"asset_id": "158160.0", "gi_id": "C3", "row_onsite": "ROW", "project_na": "Flushing-Gowanus EBP 2010", "asset_type": "ROWB", "status": "Constructed (Full Maintenance)", "asset_x_co": "986775.9678", "asset_y_co": "184768.9738", "borough": "Brooklyn", "sewer_type": "Combined", "outfall": "OH-007", "nyc_waters": "Gowanus Canal", "bbl": "3009900001.0", "secondary_": null, "community_": "306.0", "city_counc": "39.0", "assembly_d": "52.0", "asset_leng": "20.0", "asset_widt": "7.5", "asset_area": "150.0", "gi_feature": "Standard", "tree_latin": "No Tree", "tree_commo": "N/A", "constructi": null, "construc_1": null, "program_ar": "Right of Way (ROW)", "status_gro": "Constructed", "constructe": "2014/05/01 00:00:00.000"}, "geometry": {"type": "Point", "coordinates": [-73.99089379399656, 40.67382450235969]}}, {"type": "Feature", "properties": {"asset_id": "105137.0", "gi_id": "247B", "row_onsite": "ROW", "project_na": "OGI Design Area 1 (OH-007)", "asset_type": "ROWB", "status": "Constructed (Full Maintenance)", "asset_x_co": "986477.7284", "asset_y_co": "184402.29", "borough": "Brooklyn", "sewer_type": "Combined", "outfall": "OH-007", "nyc_waters": "Gowanus Canal", "bbl": "3009960058.0", "secondary_": null, "community_": "306.0", "city_counc": "39.0", "assembly_d": "52.0", "asset_leng": "10.0", "asset_widt": "5.0", "asset_area": "50.0", "gi_feature": "Standard", "tree_latin": "Quercus palustris", "tree_commo": "Pin Oak", "constructi": "GKRH34-02-GKOH07-02", "construc_1": "Stage-1", "program_ar": "Right of Way (ROW)", "status_gro": "Constructed", "constructe": "2016/09/15 00:00:00.000"}, "geometry": {"type": "Point", "coordinates": [-73.99196907853015, 40.67281811816746]}}, {"type": "Feature", "properties": {"asset_id": "160111.0", "gi_id": "54A", "row_onsite": "ROW", "project_na": "Gravesend", "asset_type": "ROWB", "status": "Constructed (Full Maintenance)", "asset_x_co": "990347.1099", "asset_y_co": "160106.2446", "borough": "Brooklyn", "sewer_type": "Combined", "outfall": "OH-021", "nyc_waters": "Coney Island Creek", "bbl": "3066270043.0", "secondary_": null, "community_": "311.0", "city_counc": "44.0", "assembly_d": "47.0", "asset_leng": "11.0", "asset_widt": "5.0", "asset_area": "55.0", "gi_feature": "Standard", "tree_latin": "No Tree", "tree_commo": "N/A", "constructi": "GI-NYR-3", "construc_1": "1", "program_ar": "Right of Way (ROW)", "status_gro": "Constructed", "constructe": "2021/05/25 00:00:00.000"}, "geometry": {"type": "Point", "coordinates": [-73.97804198340778, 40.606128856206546]}}, {"type": "Feature", "properties": {"asset_id": "181764.0", "gi_id": "K220-01STa", "row_onsite": "Onsite", "project_na": "I.S. 220 K", "asset_type": "Synthetic Turf Field Storage Layer", "status": "In Construction", "asset_x_co": "983778.0741", "asset_y_co": "172882.5674", "borough": "Brooklyn", "sewer_type": "Combined", "outfall": "OH-002", "nyc_waters": "East River / Open Waters", "bbl": "3007780023.0", "secondary_": null, "community_": "312.0", "city_counc": "43.0", "assembly_d": "49.0", "asset_leng": "118.9", "asset_widt": "45.0", "asset_area": "5500", "gi_feature": null, "tree_latin": null, "tree_commo": null, "constructi": "GI-CONS-5A", "construc_1": "1", "program_ar": "Public Onsite", "status_gro": "In Construction", "constructe": null}, "geometry": {"type": "Point", "coordinates": [-74.00170047832005, 40.64119927382135]}}, {"type": "Feature", "properties": {"asset_id": "185987.0", "gi_id": "K295-02STa", "row_onsite": "Onsite", "project_na": "P.S. 295/M.S. 443/ New Voices School of Academic & Creative Arts/I.S 88 K", "asset_type": "Synthetic Turf Field Storage Layer", "status": "Constructed", "asset_x_co": "987271.03", "asset_y_co": "180228.264", "borough": "Brooklyn", "sewer_type": "Combined", "outfall": "OH-004", "nyc_waters": "East River / Open Waters", "bbl": "3008800001.0", "secondary_": null, "community_": "307.0", "city_counc": "39.0", "assembly_d": "51.0", "asset_leng": "39.5", "asset_widt": "19.4", "asset_area": "441.0", "gi_feature": null, "tree_latin": null, "tree_commo": null, "constructi": null, "construc_1": null, "program_ar": "Public Onsite", "status_gro": "Constructed", "constructe": "2022/05/01 00:00:00.000"}, "geometry": {"type": "Point", "coordinates": [-73.98911111102188, 40.66136111032738]}}, {"type": "Feature", "properties": {"asset_id": "189354.0", "gi_id": "PP5061-1", "row_onsite": "ROW", "project_na": "DDC OH15 Phase 4", "asset_type": "ROW Porous Concrete", "status": "90% Design Submitted", "asset_x_co": "982173.6814", "asset_y_co": "163909.689", "borough": "Brooklyn", "sewer_type": "Combined", "outfall": "OH-015", "nyc_waters": "East River / Open Waters", "bbl": "3062690016.0", "secondary_": null, "community_": "311.0", "city_counc": "38.0", "assembly_d": "49.0", "asset_leng": "585.0", "asset_widt": "4.0", "asset_area": "2340.0", "gi_feature": null, "tree_latin": null, "tree_commo": null, "constructi": "GKOH15-04", "construc_1": "1", "program_ar": "Right of Way (ROW)", "status_gro": "Final Design", "constructe": null}, "geometry": {"type": "Point", "coordinates": [-74.00747878465569, 40.61657038307738]}}, {"type": "Feature", "properties": {"asset_id": "158157.0", "gi_id": "A2", "row_onsite": "ROW", "project_na": "Flushing-Gowanus EBP 2010", "asset_type": "ROWB", "status": "Constructed (Full Maintenance)", "asset_x_co": "986548.5372", "asset_y_co": "185099.2689", "borough": "Brooklyn", "sewer_type": "Combined", "outfall": "OH-007", "nyc_waters": "Gowanus Canal", "bbl": "3009900001.0", "secondary_": null, "community_": "306.0", "city_counc": "39.0", "assembly_d": "52.0", "asset_leng": "19.33", "asset_widt": "4.5", "asset_area": "86.98", "gi_feature": "Standard", "tree_latin": "No Tree", "tree_commo": "N/A", "constructi": null, "construc_1": null, "program_ar": "Right of Way (ROW)", "status_gro": "Constructed", "constructe": "2014/05/01 00:00:00.000"}, "geometry": {"type": "Point", "coordinates": [-73.99171357715849, 40.67473115056675]}}, {"type": "Feature", "properties": {"asset_id": "189302.0", "gi_id": "PP4005-1", "row_onsite": "ROW", "project_na": "DDC OH15 Phase 4", "asset_type": "ROW Porous Concrete", "status": "90% Design Submitted", "asset_x_co": "985394.57", "asset_y_co": "164061.44", "borough": "Brooklyn", "sewer_type": "Combined", "outfall": "OH-015", "nyc_waters": "East River / Open Waters", "bbl": "3061820015.0", "secondary_": null, "community_": "311.0", "city_counc": "43.0", "assembly_d": "49.0", "asset_leng": "292.0", "asset_widt": "4.0", "asset_area": "1168.0", "gi_feature": null, "tree_latin": null, "tree_commo": null, "constructi": "GKOH15-04", "construc_1": "1", "program_ar": "Right of Way (ROW)", "status_gro": "Final Design", "constructe": null}, "geometry": {"type": "Point", "coordinates": [-73.99587729711679, 40.616987077501285]}}, {"type": "Feature", "properties": {"asset_id": "181788.0", "gi_id": "K223-01STa", "row_onsite": "Onsite", "project_na": "I.S. 223 K", "asset_type": "Synthetic Turf Field Storage Layer", "status": "Constructed", "asset_x_co": "989020.294", "asset_y_co": "170768.184", "borough": "Brooklyn", "sewer_type": "Combined", "outfall": "OH-015", "nyc_waters": "East River / Open Waters", "bbl": "3053620021.0", "secondary_": null, "community_": "312.0", "city_counc": "44.0", "assembly_d": "48.0", "asset_leng": "100.0", "asset_widt": "50.0", "asset_area": "5000", "gi_feature": null, "tree_latin": null, "tree_commo": null, "constructi": null, "construc_1": null, "program_ar": "Public Onsite", "status_gro": "Constructed", "constructe": "2024/11/01 00:00:00.000"}, "geometry": {"type": "Point", "coordinates": [-73.98281281923272, 40.635394471384195]}}, {"type": "Feature", "properties": {"asset_id": "104896.0", "gi_id": "51A", "row_onsite": "ROW", "project_na": "OGI Design Area 1 (OH-007)", "asset_type": "ROWB", "status": "Constructed (Full Maintenance)", "asset_x_co": "990006.5049", "asset_y_co": "184670.6082", "borough": "Brooklyn", "sewer_type": "Combined", "outfall": "OH-007", "nyc_waters": "Gowanus Canal", "bbl": "3009630002.0", "secondary_": "3009630001", "community_": "306.0", "city_counc": "39.0", "assembly_d": "52.0", "asset_leng": "11.0", "asset_widt": "4.5", "asset_area": "49.5", "gi_feature": "Standard", "tree_latin": "No Tree", "tree_commo": "N/A", "constructi": "GKRH34-02-GKOH07-02", "construc_1": "Stage-1", "program_ar": "Right of Way (ROW)", "status_gro": "Constructed", "constructe": "2016/09/15 00:00:00.000"}, "geometry": {"type": "Point", "coordinates": [-73.97924767360075, 40.67355299962027]}}, {"type": "Feature", "properties": {"asset_id": "183493.0", "gi_id": "GS65D", "row_onsite": "ROW", "project_na": "Gravesend", "asset_type": "ROWGS", "status": "Constructed (Full Maintenance)", "asset_x_co": "991757.11", "asset_y_co": "160266.18", "borough": "Brooklyn", "sewer_type": "Combined", "outfall": "OH-021", "nyc_waters": "Coney Island Creek", "bbl": "3066570006.0", "secondary_": null, "community_": "311.0", "city_counc": "44.0", "assembly_d": "45.0", "asset_leng": "10.0", "asset_widt": "3.5", "asset_area": "35.0", "gi_feature": null, "tree_latin": "No Tree", "tree_commo": "N/A", "constructi": "GI-NYR-3", "construc_1": "1", "program_ar": "Right of Way (ROW)", "status_gro": "Constructed", "constructe": "2021/05/25 00:00:00.000"}, "geometry": {"type": "Point", "coordinates": [-73.97296385799399, 40.606566763799556]}}, {"type": "Feature", "properties": {"asset_id": "189401.0", "gi_id": "PP6100-1", "row_onsite": "ROW", "project_na": "DDC OH15 Phase 4", "asset_type": "ROW Porous Concrete", "status": "90% Design Submitted", "asset_x_co": "985157.4355", "asset_y_co": "161250.664", "borough": "Brooklyn", "sewer_type": "Combined", "outfall": "OH-015", "nyc_waters": "East River / Open Waters", "bbl": "3062740065.0", "secondary_": null, "community_": "311.0", "city_counc": "43.0", "assembly_d": "49.0", "asset_leng": "310.0", "asset_widt": "2.0", "asset_area": "620.0", "gi_feature": null, "tree_latin": null, "tree_commo": null, "constructi": "GKOH15-04", "construc_1": "1", "program_ar": "Right of Way (ROW)", "status_gro": "Final Design", "constructe": null}, "geometry": {"type": "Point", "coordinates": [-73.99673182500509, 40.60927210485588]}}, {"type": "Feature", "properties": {"asset_id": "189461.0", "gi_id": "PP7096.2", "row_onsite": "ROW", "project_na": "DDC OH15 Phase 4", "asset_type": "ROW Porous Concrete", "status": "90% Design Submitted", "asset_x_co": "985058.819", "asset_y_co": "159925.6459", "borough": "Brooklyn", "sewer_type": "Combined", "outfall": "OH-015", "nyc_waters": "East River / Open Waters", "bbl": "3063340006.0", "secondary_": null, "community_": "311.0", "city_counc": "43.0", "assembly_d": "47.0", "asset_leng": "75.0", "asset_widt": "4.0", "asset_area": "300.0", "gi_feature": null, "tree_latin": null, "tree_commo": null, "constructi": "GKOH15-04", "construc_1": "1", "program_ar": "Right of Way (ROW)", "status_gro": "Final Design", "constructe": null}, "geometry": {"type": "Point", "coordinates": [-73.99708715637802, 40.60563521021394]}}, {"type": "Feature", "properties": {"asset_id": "189352.0", "gi_id": "PP5056", "row_onsite": "ROW", "project_na": "DDC OH15 Phase 4", "asset_type": "ROW Porous Concrete", "status": "90% Design Submitted", "asset_x_co": "983794.84", "asset_y_co": "163619.91", "borough": "Brooklyn", "sewer_type": "Combined", "outfall": "OH-015", "nyc_waters": "East River / Open Waters", "bbl": "3062350008.0", "secondary_": null, "community_": "311.0", "city_counc": "38.0", "assembly_d": "49.0", "asset_leng": "670.0", "asset_widt": "4.0", "asset_area": "2680.0", "gi_feature": null, "tree_latin": null, "tree_commo": null, "constructi": "GKOH15-04", "construc_1": "1", "program_ar": "Right of Way (ROW)", "status_gro": "Final Design", "constructe": null}, "geometry": {"type": "Point", "coordinates": [-74.00163944102333, 40.6157752314668]}}, {"type": "Feature", "properties": {"asset_id": "188815.0", "gi_id": "PP8143.2", "row_onsite": "ROW", "project_na": "DDC OH15 Phase 4", "asset_type": "ROW Porous Concrete", "status": "90% Design Submitted", "asset_x_co": "984695.7004", "asset_y_co": "158643.9366", "borough": "Brooklyn", "sewer_type": "Combined", "outfall": "OH-015", "nyc_waters": "East River / Open Waters", "bbl": "3063770019.0", "secondary_": null, "community_": "311.0", "city_counc": "43.0", "assembly_d": "47.0", "asset_leng": "275.0", "asset_widt": "4.0", "asset_area": "1100", "gi_feature": null, "tree_latin": null, "tree_commo": null, "constructi": "GKOH15-04", "construc_1": "1", "program_ar": "Right of Way (ROW)", "status_gro": "Final Design", "constructe": null}, "geometry": {"type": "Point", "coordinates": [-73.99839495892651, 40.6021172056247]}}, {"type": "Feature", "properties": {"asset_id": "182652.0", "gi_id": "B028-02SS", "row_onsite": "Onsite", "project_na": "Dyker Playground 86th St.", "asset_type": "Subsurface Detention System", "status": "Constructed", "asset_x_co": "980733.354", "asset_y_co": "162361.18", "borough": "Brooklyn", "sewer_type": "Combined", "outfall": "OH-017", "nyc_waters": "East River / Open Waters", "bbl": "3064180001.0", "secondary_": null, "community_": "310.0", "city_counc": "50.0", "assembly_d": "46.0", "asset_leng": "0.0", "asset_widt": "0.0", "asset_area": "2211.0", "gi_feature": null, "tree_latin": null, "tree_commo": null, "constructi": null, "construc_1": null, "program_ar": "Public Onsite", "status_gro": "Constructed", "constructe": "2025/11/05 00:00:00.000"}, "geometry": {"type": "Point", "coordinates": [-74.0126659566137, 40.61231959111805]}}, {"type": "Feature", "properties": {"asset_id": "189342.0", "gi_id": "PP5031", "row_onsite": "ROW", "project_na": "DDC OH15 Phase 4", "asset_type": "ROW Porous Concrete", "status": "90% Design Submitted", "asset_x_co": "982410.81", "asset_y_co": "164385.18", "borough": "Brooklyn", "sewer_type": "Combined", "outfall": "OH-015", "nyc_waters": "East River / Open Waters", "bbl": "3062440030.0", "secondary_": null, "community_": "310.0", "city_counc": "38.0", "assembly_d": "49.0", "asset_leng": "190.0", "asset_widt": "4.0", "asset_area": "760.0", "gi_feature": null, "tree_latin": null, "tree_commo": null, "constructi": "GKOH15-04", "construc_1": "1", "program_ar": "Right of Way (ROW)", "status_gro": "Final Design", "constructe": null}, "geometry": {"type": "Point", "coordinates": [-74.00662478944751, 40.617875560137975]}}, {"type": "Feature", "properties": {"asset_id": "189370.0", "gi_id": "PP6047", "row_onsite": "ROW", "project_na": "DDC OH15 Phase 4", "asset_type": "ROW Porous Concrete", "status": "90% Design Submitted", "asset_x_co": "984239.6255", "asset_y_co": "162604.1344", "borough": "Brooklyn", "sewer_type": "Combined", "outfall": "OH-015", "nyc_waters": "East River / Open Waters", "bbl": "3062600042.0", "secondary_": null, "community_": "311.0", "city_counc": "43.0", "assembly_d": "49.0", "asset_leng": "748.0", "asset_widt": "4.0", "asset_area": "2992.0", "gi_feature": null, "tree_latin": null, "tree_commo": null, "constructi": "GKOH15-04", "construc_1": "1", "program_ar": "Right of Way (ROW)", "status_gro": "Final Design", "constructe": null}, "geometry": {"type": "Point", "coordinates": [-74.00003736695426, 40.61298714916595]}}]}